Date,AAL,BHP,BP,CAT,CMI,CVX,DAL,DE,FCX,LUV,NEM,PCAR,RIO,SCCO,SHEL,TTE,UAL,UNP,URI,VALE,XOM
2000-11-01,,2.435979127883911,13.677143096923828,10.465725898742676,4.984113693237305,15.596927642822266,,12.453049659729004,2.323230028152466,17.755382537841797,10.256178855895996,2.633007049560547,3.721663475036621,0.6004368662834167,17.593416213989258,9.541781425476074,,7.023681640625,14.981611251831055,,19.418170928955078
2000-12-01,,2.5340206623077393,13.803281784057617,12.595481872558594,5.3546142578125,16.08506965637207,,14.088837623596191,2.4673054218292236,18.8658447265625,11.219991683959961,2.7920351028442383,4.369732856750488,0.6246971487998962,17.8513240814209,9.820442199707031,,7.698608875274658,12.935928344726562,,19.1837215423584
2001-01-01,,2.506267786026001,14.848433494567871,11.861824035644531,5.295687198638916,15.864569664001465,,13.199294090270996,3.3713836669921875,17.62801742553711,10.15964412689209,2.8558125495910645,4.335017681121826,0.6671527624130249,17.788537979125977,9.93021297454834,,8.036892890930176,16.644630432128906,,18.568620681762695
2001-02-01,,2.648655652999878,14.402359008789062,11.159015655517578,5.256441116333008,16.442230224609375,,12.516576766967773,4.048540115356445,15.702193260192871,11.080254554748535,2.6450769901275635,4.499953746795654,0.7035425305366516,17.19313621520996,9.526248931884766,,8.334216117858887,16.471343994140625,,17.978364944458008
2001-03-01,,2.3276796340942383,14.408171653747559,11.904740333557129,5.3403754234313965,16.852994918823242,,11.242365837097168,3.760387897491455,14.984618186950684,10.619096755981445,2.5559582710266113,4.348808765411377,0.6763083934783936,16.341291427612305,9.180377006530762,,8.563077926635742,15.720462799072266,,17.96727180480957
2001-04-01,,2.6402087211608887,15.703218460083008,13.56109619140625,5.889489650726318,18.534456253051758,,12.705663681030273,4.080238342285156,15.372952461242676,12.009062767028809,2.767422676086426,5.009747505187988,0.6861098408699036,17.54684066772461,10.11935806274414,,8.660504341125488,19.27273178100586,,19.653100967407227
2001-05-01,,2.7210559844970703,15.606026649475098,14.630857467651367,6.067142963409424,18.563045501708984,,11.55791187286377,4.515350341796875,16.88408088684082,13.497843742370605,2.7555060386657715,4.922947406768799,0.6839797496795654,18.21339225769043,10.161417961120605,,8.753365516662598,22.20888328552246,,19.783382415771484
2001-06-01,,2.6559741497039795,14.571273803710938,13.520573616027832,5.544236183166504,17.49042320251465,,11.777670860290527,3.18408465385437,15.611763954162598,12.277070045471191,2.9506075382232666,4.5044331550598145,0.6094624996185303,17.40398597717285,9.673604965209961,,8.388574600219727,24.981386184692383,,19.47568702697754
2001-07-01,,2.4839437007904053,14.44558334350586,14.982719421386719,5.832189559936523,17.662425994873047,,13.053467750549316,3.1005210876464844,16.8951358795166,12.336445808410645,3.37638521194458,4.167144298553467,0.5857750177383423,17.323328018188477,9.767304420471191,,8.202191352844238,22.516939163208008,,18.62175178527832
2001-08-01,,2.529336452484131,14.977766990661621,13.59593391418457,5.449336051940918,17.663206100463867,,13.43308162689209,3.5673298835754395,15.109405517578125,13.68224048614502,3.1894466876983643,4.598880290985107,0.5946088433265686,17.097402572631836,10.176572799682617,,8.138030052185059,22.382164001464844,,18.004201889038086
2001-09-01,,2.1687233448028564,14.474381446838379,12.181954383850098,4.7636590003967285,16.495397567749023,,11.771585464477539,3.1667964458465576,12.53346061706543,15.591545104980469,2.8301291465759277,3.9580538272857666,0.4682543873786926,15.171188354492188,9.30843448638916,,7.191943168640137,16.69276237487793,,17.66787338256836
2001-10-01,,2.304899215698242,14.23005199432373,12.251594543457031,4.5197014808654785,17.235008239746094,,11.577524185180664,3.198493242263794,13.42870807647705,15.32728385925293,3.046412467956543,4.073653221130371,0.4360465407371521,15.249692916870117,9.610218048095703,,7.975536823272705,17.568798065185547,,17.6903076171875
2001-11-01,,2.7094647884368896,13.099478721618652,12.991290092468262,5.277425289154053,16.675443649291992,,12.516496658325195,3.8468363285064697,15.835736274719238,12.995157241821289,3.5276834964752197,4.74023962020874,0.5285804867744446,14.594534873962402,8.83164119720459,,8.441716194152832,20.957406997680664,,16.869335174560547
2001-12-01,,2.737581253051758,13.793457984924316,14.314521789550781,5.609262943267822,17.57777976989746,,13.733948707580566,3.8583595752716064,15.611871719360352,12.644354820251465,3.81876540184021,4.919294357299805,0.5958998203277588,14.799825668334961,9.679115295410156,,8.77200984954834,21.852699279785156,,17.726335525512695
2002-01-01,,2.954850196838379,13.855729103088379,13.875962257385254,5.485551834106445,16.43809700012207,,13.83146858215332,4.480772495269775,16.000478744506836,14.450690269470215,3.8554282188415527,5.040549278259277,0.5909128189086914,15.086661338806152,9.69565200805664,,9.549178123474121,20.456817626953125,,17.613567352294922
2002-02-01,,3.1184403896331787,14.811991691589355,15.31930923461914,6.0946502685546875,16.70557403564453,,15.077147483825684,4.221435070037842,17.837873458862305,15.959275245666504,4.2044453620910645,5.022958278656006,0.5619798302650452,15.509336471557617,10.135232925415039,,9.33680248260498,23.421852111816406,,18.739181518554688
2002-03-01,,3.12866473197937,15.873194694519043,15.689108848571777,6.922807216644287,17.85896873474121,,14.400516510009766,5.077246189117432,16.350666046142578,18.34387969970703,4.279264450073242,5.100163459777832,0.6497892141342163,16.399974822998047,10.555527687072754,,9.594258308410645,26.45427894592285,0.6522150635719299,19.887123107910156
2002-04-01,,2.9522933959960938,15.185662269592285,15.168831825256348,6.2368268966674805,17.1546688079834,,14.150760650634766,5.117587089538574,15.38737678527832,18.887104034423828,4.1775593757629395,4.822842121124268,0.7250542640686035,15.778033256530762,10.432888984680176,,8.769774436950684,24.548181533813477,0.6498336791992188,18.22646141052246
2002-05-01,,3.16444993019104,15.378660202026367,14.51620101928711,5.436563491821289,17.396963119506836,,14.858933448791504,5.691009998321533,14.39028263092041,20.675796508789062,3.8958115577697754,4.922296047210693,0.7018074989318848,16.871192932128906,10.936359405517578,,9.455302238464355,22.46880340576172,0.7143645882606506,18.222312927246094
2002-06-01,,3.048415422439575,15.203998565673828,13.594182968139648,4.888621807098389,17.646202087402344,,15.21663761138916,5.143519401550293,13.659143447875977,17.45969581604004,3.9090209007263184,4.717652320861816,0.7541288733482361,16.954011917114258,11.391155242919922,,9.801745414733887,20.98628807067871,0.6588822603225708,18.67410659790039
2002-07-01,,3.305223226547241,13.972390174865723,12.515172004699707,4.770467758178711,14.954410552978516,,13.348709106445312,4.400088310241699,11.672819137573242,16.17989730834961,3.3771328926086426,4.549345970153809,0.7335022687911987,14.018421173095703,10.215438842773438,,9.087672233581543,13.958767890930176,0.5833977460861206,16.775667190551758
2002-08-01,,3.205843210220337,14.214731216430664,12.218390464782715,4.442202091217041,15.418863296508789,,14.587630271911621,4.722817897796631,12.015058517456055,18.912233352661133,3.126263380050659,4.630500793457031,0.6807523965835571,14.097805976867676,10.04224681854248,,9.378878593444824,14.873310089111328,0.6095910668373108,16.28186798095703
2002-09-01,,3.125696897506714,12.118968963623047,10.420907974243164,3.5221474170684814,13.93392276763916,,14.508798599243164,3.8785319328308105,11.042692184448242,18.261688232421875,2.991684675216675,4.279312610626221,0.697542130947113,12.528960227966309,9.272037506103516,,8.994122505187988,8.12496566772461,0.5417264103889465,14.651382446289062
2002-10-01,,3.391781806945801,11.678557395935059,11.541463851928711,3.5728492736816406,13.60796070098877,,14.808860778808594,3.515460252761841,12.344816207885742,16.409624099731445,3.906278610229492,4.735208034515381,0.7112793326377869,13.343016624450684,9.577583312988281,,9.177515029907227,5.872310161590576,0.6274502277374268,15.459744453430176
2002-11-01,,3.7290537357330322,12.033928871154785,14.098376274108887,4.735442638397217,13.630707740783691,,16.328371047973633,4.466363906860352,14.120440483093262,15.540032386779785,4.3573713302612305,5.295813083648682,0.7372662425041199,13.583174705505371,9.398761749267578,,8.998781204223633,9.328309059143066,0.6616933941841125,16.088722229003906
2002-12-01,,3.7355496883392334,12.475884437561035,12.917391777038574,4.236895561218262,13.518867492675781,,14.704728126525879,4.835198402404785,11.756552696228027,19.2954158782959,4.1661481857299805,5.172244071960449,0.7347151637077332,13.729765892028809,10.067584037780762,,9.340620994567871,10.358369827270508,0.7090277671813965,16.153438568115234
2003-01-01,,3.42696213722229,11.972551345825195,12.51865291595459,3.72027325630188,13.095898628234863,,13.534131050109863,5.408621311187744,11.037630081176758,19.24224853515625,3.9123706817626953,4.8191046714782715,0.8020640015602112,13.065421104431152,9.562097549438477,,8.90221881866455,9.944417953491211,0.6781260967254639,15.78821086883545
2003-02-01,,3.6478466987609863,11.82081127166748,13.378274917602539,3.6214075088500977,13.192228317260742,,13.271137237548828,4.904355525970459,10.208746910095215,18.165475845336914,4.355416774749756,5.287356376647949,0.7980024218559265,12.373005867004395,9.257960319519043,,8.610475540161133,8.307873725891113,0.7112352252006531,15.834823608398438
2003-03-01,,3.605617046356201,11.969688415527344,14.004500389099121,3.7165889739990234,13.290907859802246,,12.660823822021484,4.912999153137207,12.1504545211792,17.40665054321289,4.559492111206055,5.007938861846924,0.7492497563362122,12.70986270904541,8.908756256103516,,8.616928100585938,9.2609224319458,0.6609579920768738,16.267690658569336
2003-04-01,,3.6218605041503906,11.95418643951416,15.072383880615234,4.09580135345459,12.912638664245605,,14.199091911315918,5.0121989250183105,13.504271507263184,17.98575210571289,5.289628982543945,5.074095249176025,0.8026211857795715,13.087540626525879,9.250913619995117,,9.325081825256348,9.91554069519043,0.698901355266571,16.384052276611328
2003-05-01,,3.7355496883392334,13.113335609436035,14.943445205688477,5.230330944061279,14.736120223999023,,14.082995414733887,6.355736255645752,13.59734058380127,19.743057250976562,6.004821300506592,5.289096832275391,0.8209487199783325,14.582619667053223,10.680364608764648,,9.555390357971191,12.302969932556152,0.7498945593833923,17.06331443786621
2003-06-01,,3.814192056655884,13.154027938842773,15.94922924041748,5.475979328155518,14.997854232788086,,14.80832576751709,7.0941009521484375,14.557994842529297,21.63604736328125,6.166845321655273,5.064171314239502,0.7909641265869141,14.92517375946045,11.007091522216797,,9.12449836730957,13.371537208557129,0.7413955926895142,16.833621978759766
2003-07-01,,4.278213024139404,13.006897926330566,19.449434280395508,7.068881988525391,14.979156494140625,,16.454416275024414,7.785305023193359,13.889348030090332,24.062280654907227,7.0306596755981445,5.600025653839111,0.8504158854484558,14.217182159423828,10.687628746032715,,9.583708763122559,13.958767890930176,0.8706274628639221,16.678916931152344
2003-08-01,,4.696162223815918,13.193906784057617,20.70627784729004,7.651824474334717,15.287355422973633,,18.311132431030273,8.718147277832031,14.469183921813965,26.195646286010742,7.792182445526123,5.985321998596191,0.8909899592399597,14.638022422790527,11.182802200317383,,9.583708763122559,16.24993133544922,0.9530297517776489,17.79453468322754
2003-09-01,,4.666544437408447,13.314078330993652,19.844364166259766,6.8212409019470215,14.989449501037598,,17.34554672241211,9.61902141571045,14.985633850097656,26.082218170166016,6.789979457855225,5.931917667388916,1.1525555849075317,14.419443130493164,11.007091522216797,,9.182823181152344,15.489421844482422,1.0387898683547974,17.275327682495117
2003-10-01,,5.423459053039551,13.402631759643555,21.224031448364258,7.27721643447876,15.587357521057129,,19.724010467529297,11.289175033569336,16.424936294555664,29.211528778076172,7.21806001663208,6.695800304412842,1.4828983545303345,14.478161811828613,11.336722373962402,,9.882148742675781,16.769777297973633,1.1772230863571167,17.265884399414062
2003-11-01,,5.466114044189453,13.639303207397461,22.02630043029785,7.179531574249268,15.908489227294922,,19.922487258911133,12.681742668151855,15.222694396972656,32.12067794799805,7.346402645111084,6.641720771789551,1.9849790334701538,14.64781379699707,11.728792190551758,,10.052638053894043,17.828718185424805,1.1267894506454468,17.206281661987305
2003-12-01,,6.06755256652832,15.7671537399292,24.04501724243164,7.564393043518066,18.300071716308594,,21.23805046081543,12.273877143859863,13.668680191040039,32.46702575683594,7.907667636871338,7.5245795249938965,2.4667093753814697,17.091283798217773,13.43359375,,11.018756866455078,18.54109764099121,1.50530207157135,19.487781524658203
2004-01-01,,5.682099342346191,15.208041191101074,22.729198455810547,7.841063022613525,18.29158592224121,,20.43815040588379,10.788850784301758,12.660884857177734,27.82506561279297,7.308459758758545,7.300821781158447,2.296193838119507,15.463386535644531,12.822248458862305,,10.21312427520752,21.563894271850586,1.3810176849365234,19.387964248657227
2004-02-01,,6.349997043609619,15.865768432617188,22.036836624145508,7.67970085144043,18.872854232788086,,20.970338821411133,12.483570098876953,11.695444107055664,29.020612716674805,7.743613243103027,7.429261207580566,1.9897128343582153,16.177827835083008,13.358077049255371,,10.09260082244873,16.88529396057129,1.489863395690918,20.168359756469727
2004-03-01,,6.240340709686279,16.510717391967773,23.002670288085938,9.086605072021484,18.751096725463867,,22.722139358520508,11.441572189331055,12.038504600524902,31.180469512939453,7.831638813018799,6.888449668884277,2.1292028427124023,15.522111892700195,13.35953140258789,,9.53304386138916,17.10671043395996,1.4126675128936768,19.890954971313477
2004-04-01,,5.501560211181641,17.05892562866211,22.71650505065918,9.298032760620117,19.54573631286621,,22.3057918548584,8.974739074707031,12.097808837890625,25.0085506439209,7.893119812011719,6.136460304260254,1.5280784368515015,16.27899932861328,13.376958847045898,,9.391206741333008,16.557987213134766,1.1869244575500488,20.350099563598633
2004-05-01,,5.78317403793335,17.223657608032227,22.020954132080078,9.103405952453613,19.464054107666016,,21.538652420043945,9.89575481414795,13.139850616455078,26.602855682373047,7.8256516456604,6.682988166809082,1.674056053161621,16.757404327392578,14.117388725280762,,9.293997764587402,16.46172332763672,1.322572946548462,20.818559646606445
2004-06-01,,5.873693943023682,17.408899307250977,23.21625328063965,9.769281387329102,20.262840270996094,,23.08689308166504,9.754514694213867,14.211874961853027,25.966434478759766,8.132789611816406,6.715178489685059,2.2190098762512207,17.285995483398438,14.417515754699707,,9.522286415100098,17.22223472595215,1.2404015064239502,21.37692642211914
2004-07-01,,6.19553804397583,18.31557273864746,21.588850021362305,10.852493286132812,20.59442710876465,,20.67420196533203,10.313592910766602,12.26272201538086,27.112024307250977,8.409072875976562,7.181576728820801,2.100891590118408,17.130321502685547,14.608078956604004,,9.024145126342773,19.099451065063477,1.406049132347107,22.28668212890625
2004-08-01,,6.272647380828857,17.586252212524414,21.356769561767578,10.566483497619629,21.167949676513672,,20.825607299804688,11.136320114135742,12.56354808807373,29.738143920898438,8.470887184143066,7.044517517089844,2.4364824295043945,17.26314926147461,14.704115867614746,,9.147480010986328,14.141677856445312,1.507002592086792,22.323495864868164
2004-09-01,,7.027939319610596,18.840539932250977,23.633460998535156,11.602876663208008,23.291259765625,,21.343793869018555,11.985671997070312,11.546257019042969,30.553449630737305,9.727662086486816,7.534811973571777,2.82850980758667,17.573049545288086,15.331358909606934,,9.435235023498535,15.296886444091797,1.7584741115570068,23.403343200683594
2004-10-01,,7.0008440017700195,19.076335906982422,23.780582427978516,11.004596710205078,23.039411544799805,,19.766571044921875,10.786310195922852,13.368908882141113,31.888885498046875,9.75440502166748,7.37184476852417,2.364208698272705,18.47214698791504,15.64797592163086,,10.138856887817383,14.873310089111328,1.6925015449523926,23.834327697753906
2004-11-01,,8.04741382598877,20.236347198486328,27.03143882751465,12.55220890045166,23.88849639892578,,23.717891693115234,11.652918815612793,13.33499813079834,31.839801788330078,11.01954460144043,8.154797554016113,2.6487460136413574,19.500635147094727,16.6848087310791,,10.214529037475586,17.20298194885254,1.9852501153945923,24.951618194580078
2004-12-01,,8.13547420501709,19.263286590576172,28.791217803955078,13.209613800048828,22.97408676147461,,24.693649291992188,11.460729598999023,13.805611610412598,29.862844467163086,11.647080421447754,8.267142295837402,2.6314661502838135,19.541507720947266,16.72134780883789,,10.879122734069824,18.194534301757812,2.3203909397125244,24.956483840942383
2005-01-01,,8.643522262573242,19.66570472717285,26.423669815063477,12.244786262512207,23.801002502441406,,23.044095993041992,11.113167762756348,12.279190063476562,27.9665584564209,10.225929260253906,8.71028995513916,2.6247775554656982,19.912731170654297,16.37273597717285,,9.64157772064209,16.375080108642578,2.419572591781616,25.122028350830078
2005-02-01,,10.418283462524414,21.5902042388916,28.188222885131836,11.620080947875977,27.349239349365234,,23.601686477661133,12.625720024108887,11.744943618774414,30.25957679748535,10.921623229980469,9.95068073272705,3.5954692363739014,21.97593879699707,18.146249771118164,,10.264397621154785,18.21378517150879,2.799506425857544,30.974117279052734
2005-03-01,,9.562690734863281,20.75213623046875,27.117637634277344,11.135710716247559,25.68836212158203,,22.38261604309082,12.106429100036621,12.080031394958496,28.473669052124023,10.505135536193848,9.119877815246582,3.169682502746582,20.913541793823242,17.84635353088379,,11.328065872192383,19.455636978149414,2.5283541679382324,29.15901756286621
2005-04-01,,8.639910697937012,20.25328826904297,26.234458923339844,10.763727188110352,22.908504486083984,,20.852205276489258,10.662769317626953,12.622954368591309,25.589218139648438,9.85355281829834,8.476738929748535,3.0448801517486572,20.4976806640625,16.884239196777344,,10.390292167663574,17.70357322692871,2.189873456954956,27.901662826538086
2005-05-01,,8.57839584350586,20.188011169433594,28.040023803710938,10.805878639221191,23.90566635131836,,22.055866241455078,10.859657287597656,12.343006134033203,25.16619873046875,10.299432754516602,8.36568546295166,2.766232967376709,20.613798141479492,17.231685638427734,,10.882744789123535,19.330488204956055,2.3588879108428955,27.635631561279297
2005-06-01,,9.330286979675293,20.919069290161133,28.397560119628906,11.865002632141113,24.856914520263672,,21.93985939025879,11.518009185791016,11.821085929870605,26.375856399536133,9.89909553527832,8.569519996643066,2.5506973266601562,22.837766647338867,18.10884666442871,,10.579322814941406,19.455636978149414,2.3792014122009277,28.260129928588867
2005-07-01,,10.123190879821777,22.09279441833496,32.27602767944336,13.587262153625488,25.785932540893555,,24.633352279663086,12.471235275268555,12.041722297668457,25.37568473815918,10.513428688049316,9.323714256286621,3.0484538078308105,21.56389808654785,19.37188148498535,,11.478888511657715,17.905733108520508,2.6457245349884033,28.889562606811523
2005-08-01,,10.70077896118164,23.10764503479004,33.22196960449219,13.799068450927734,27.495851516723633,,21.903013229370117,13.056402206420898,11.30764389038086,26.747529983520508,10.232285499572754,10.168869972229004,2.973167896270752,23.059913635253906,20.43191909790039,,11.145840644836426,17.376256942749023,2.7944247722625732,29.59941864013672
2005-09-01,19.806997299194336,11.68165397644043,23.942333221435547,35.173744201660156,14.041642189025879,28.987077713012695,,20.605998992919922,15.215903282165527,12.606492042541504,31.954811096191406,9.912529945373535,11.671293258666992,3.396865129470825,23.301315307617188,21.048717498779297,,11.757811546325684,18.97429656982422,3.56392765045166,31.398103713989258
2005-10-01,23.26685905456543,10.611920356750488,22.438549041748047,31.628387451171875,13.623527526855469,25.556821823120117,,20.430912017822266,15.557340621948242,13.5912446975708,28.858909606933594,10.223525047302246,10.84158992767334,3.3470895290374756,22.02336311340332,19.529972076416016,,11.344564437866211,18.83952522277832,3.4179129600524902,27.741426467895508
2005-11-01,31.666685104370117,10.994701385498047,22.430126190185547,34.74974060058594,14.251921653747559,25.869640350341797,,23.350086212158203,16.40414047241211,14.007218360900879,31.309158325195312,10.524541854858398,11.571133613586426,3.978610038757324,22.074203491210938,19.600263595581055,,12.551511764526367,20.370180130004883,3.5857908725738525,28.82172393798828
2005-12-01,35.01341247558594,11.421908378601074,21.87822723388672,34.74371337890625,14.368818283081055,25.62588119506836,,23.06295394897461,17.09267234802246,13.95199203491211,36.251277923583984,10.432172775268555,12.984757423400879,4.18939208984375,22.027637481689453,19.869049072265625,,13.254975318908691,22.516939163208008,3.402200698852539,27.89793586730957
2006-01-01,27.6600341796875,13.482776641845703,24.63430404663086,40.99884033203125,15.581035614013672,26.804044723510742,,24.29890251159668,20.519193649291992,13.977468490600586,41.953739166259766,10.487927436828613,14.56318473815918,5.4478349685668945,24.39912986755371,21.744354248046875,,14.563852310180664,28.215970993041992,4.239932537078857,31.1660213470459
2006-02-01,31.1953125,12.334433555603027,22.813325881958008,44.1265983581543,17.389272689819336,25.699234008789062,,25.82605743408203,16.169445037841797,14.244939804077148,35.9254264831543,10.566438674926758,13.811322212219238,5.150318622589111,21.858304977416992,19.82662010192871,33.169532775878906,14.578660011291504,31.383163452148438,3.839674711227417,29.643938064575195
2006-03-01,37.70966339111328,13.752861976623535,23.67888069152832,43.359745025634766,16.87858009338379,26.377193450927734,,26.900362014770508,19.28083038330078,15.281243324279785,35.292442321777344,10.658687591552734,15.155552864074707,5.462637424468994,22.50161361694336,20.706893920898438,37.34027099609375,15.420427322387695,33.21224594116211,4.013339042663574,30.387914657592773
2006-04-01,40.78300476074219,15.723470687866211,25.32066535949707,45.87796401977539,16.782222747802734,27.76499366760254,,29.871122360229492,20.938812255859375,13.777754783630371,39.692970275878906,10.877964973449707,16.30503273010254,6.40476131439209,24.623109817504883,21.695621490478516,33.67450714111328,15.066926002502441,34.33857727050781,4.308437824249268,31.496379852294922
2006-05-01,44.026023864746094,14.936607360839844,24.46396255493164,44.187957763671875,17.746479034423828,27.439157485961914,,29.129289627075195,18.153675079345703,13.675814628601074,35.46928405761719,11.66704273223877,16.253786087036133,5.651385307312012,24.185791015625,21.499662399291992,27.52126693725586,15.37952995300293,31.363916397094727,3.8961594104766846,30.565853118896484
2006-06-01,47.64616012573242,14.864137649536133,24.0867977142334,45.114749908447266,19.685205459594727,28.480920791625977,,28.550647735595703,18.25408172607422,13.909590721130371,36.06840515136719,12.50658130645752,15.353967666625977,5.915537357330322,24.43016815185547,21.60186767578125,29.008146286010742,15.406052589416504,30.78630828857422,4.020762920379639,30.78664779663086
2006-07-01,43.0738525390625,14.563880920410156,25.093734741210938,43.11500930786133,18.83983039855957,30.188125610351562,,24.81640625,18.077085494995117,15.286105155944824,34.90995788574219,12.259127616882324,15.293932914733887,6.536867618560791,25.82347297668457,22.495349884033203,24.444644927978516,14.086860656738281,26.877849578857422,3.880270004272461,33.99325942993164
2006-08-01,39.83082962036133,14.529367446899414,23.746755599975586,40.36518096923828,18.544836044311523,29.78647232055664,,26.707469940185547,19.286426544189453,14.721067428588867,34.9235954284668,12.493911743164062,14.7492094039917,6.253719806671143,25.37027931213379,22.23159408569336,23.378582000732422,13.365930557250977,20.85150909423828,3.5859053134918213,34.115718841552734
2006-09-01,41.79173278808594,13.184816360473633,22.88482666015625,40.030582427978516,19.257104873657227,29.99924087524414,,28.83005142211914,17.8951358795166,14.160101890563965,29.188371658325195,13.030952453613281,13.883803367614746,6.2659149169921875,24.325143814086914,21.740345001220703,24.846757888793945,14.638482093811035,22.382164001464844,3.6059751510620117,33.82833480834961
2006-10-01,47.00508499145508,14.817261695861816,23.41524314880371,37.0950813293457,20.508825302124023,31.081527709960938,,29.24922752380371,20.44049644470215,12.774687767028809,30.908945083618164,13.531460762023926,16.20912742614746,6.96091890335083,25.620521545410156,22.465681076049805,33.609046936035156,15.075967788696289,22.805742263793945,4.301915168762207,36.00625991821289
2006-11-01,53.50999450683594,14.420459747314453,23.96479034423828,37.90164566040039,19.427165985107422,33.69862747192383,,32.98397445678711,21.248254776000977,13.352648735046387,32.02870559692383,14.969435691833496,15.711260795593262,7.605099678039551,26.377870559692383,23.933399200439453,37.948116302490234,15.107599258422852,24.124605178833008,4.694228172302246,38.89151382446289
2006-12-01,50.76662826538086,13.835705757141113,23.619821548461914,37.47393798828125,19.145278930664062,34.262454986572266,,32.81532669067383,19.0682430267334,13.025320053100586,30.892353057861328,15.327695846557617,15.557504653930664,7.4911112785339355,26.28874969482422,24.087465286254883,41.146305084228516,15.357945442199707,24.480792999267578,5.029046535491943,38.800350189208984
2007-01-01,52.7746696472168,14.267313957214355,22.356096267700195,39.34513854980469,21.798864364624023,33.95956802368164,,34.613651275634766,19.793760299682617,12.838273048400879,30.858129501342773,15.78587818145752,15.829869270324707,8.68796443939209,25.34548568725586,22.79131507873535,40.398189544677734,16.8566951751709,24.788848876953125,5.737576484680176,37.51932907104492
2007-02-01,49.295963287353516,15.081374168395996,21.880563735961914,39.56622314453125,21.86208724975586,32.15756607055664,,37.37845230102539,19.759336471557617,12.859469413757324,30.858129501342773,16.458850860595703,15.862815856933594,10.0668363571167,24.374135971069336,22.546836853027344,37.39638137817383,16.50841522216797,27.493961334228516,5.766324043273926,36.448585510253906
2007-03-01,42.875877380371094,17.020553588867188,23.02189064025879,41.162864685058594,23.505807876586914,34.710655212402344,,37.65177536010742,22.781234741210938,12.502259254455566,28.79700469970703,17.384944915771484,16.884387969970703,10.226670265197754,24.857797622680664,23.37073516845703,35.69441604614258,17.005779266357422,26.473529815673828,6.255024433135986,38.3655891418457
2007-04-01,34.82486343383789,17.157560348510742,23.935653686523438,44.78937530517578,29.937732696533203,36.508121490478516,,37.915184020996094,23.219018936157227,12.204585075378418,28.598121643066406,19.89084243774414,18.084327697753906,11.459694862365723,26.001325607299805,24.680269241333008,31.233787536621094,19.132556915283203,32.249576568603516,6.923181533813477,40.363956451416016
2007-05-01,33.60873794555664,18.492507934570312,24.043466567993164,48.465274810791016,30.672630310058594,38.5213623046875,16.333131790161133,41.75175094604492,27.208702087402344,12.170567512512207,27.898605346679688,20.730594635009766,21.712308883666992,12.86690616607666,28.138647079467773,25.719636917114258,36.713722229003906,20.269840240478516,32.29770278930664,7.74830436706543,42.47370147705078
2007-06-01,28.536785125732422,20.990262985229492,25.88412857055664,48.292572021484375,32.944671630859375,39.821319580078125,16.890445709228516,41.998600006103516,28.633089065551758,12.685308456420898,26.8524227142334,20.675968170166016,22.68842315673828,13.676532745361328,30.75178337097168,27.604717254638672,37.95746612548828,19.34099578857422,31.325407028198242,7.594870567321777,42.836307525634766
2007-07-01,29.234413146972656,22.4060115814209,24.901010513305664,48.80413818359375,38.6378059387207,40.303470611572266,15.278560638427734,41.88727569580078,32.60354995727539,13.323403358459473,28.701690673828125,19.435977935791016,21.428442001342773,16.35350227355957,29.384618759155273,26.796825408935547,41.277225494384766,20.011165618896484,30.940336227416992,8.355207443237305,43.47465515136719
2007-08-01,29.177846908569336,22.184688568115234,24.40222930908203,46.92753219604492,38.63288879394531,41.7791748046875,14.47262191772461,47.327537536621094,30.327760696411133,12.8596830368042,29.052305221557617,20.385021209716797,20.526206970214844,15.51508617401123,29.56810760498047,25.59691619873047,44.39125442504883,18.79977035522461,31.383163452148438,8.409765243530273,43.95609664916992
2007-09-01,24.74696159362793,27.840595245361328,25.123130798339844,48.574974060058594,41.722347259521484,44.54981994628906,15.39001750946045,51.809104919433594,36.388458251953125,12.595854759216309,30.823293685913086,20.31354331970215,25.650297164916992,18.253997802734375,31.414443969726562,27.62177848815918,43.51221466064453,19.05084228515625,30.969213485717773,11.568750381469727,47.4580078125
2007-10-01,26.076231002807617,30.908031463623047,28.25312042236328,46.42578887939453,39.13529968261719,43.56439208984375,17.833560943603516,54.07107162475586,40.9346923828125,12.093722343444824,35.07501220703125,19.85841941833496,28.01066017150879,20.593427658081055,33.7320442199707,27.47859001159668,44.793365478515625,21.57500457763672,32.913822174072266,12.909555435180664,47.16574478149414
2007-11-01,19.58074378967285,26.859451293945312,26.567903518676758,44.73948669433594,38.21746826171875,42.06491470336914,16.941883087158203,59.97036361694336,34.412567138671875,12.042655944824219,34.24119186401367,18.155588150024414,34.91845703125,16.557851791381836,31.38840675354004,28.06486701965332,38.28476333618164,21.33218765258789,22.401416778564453,11.847460746765137,45.89246368408203
2007-12-01,13.867725372314453,24.80859375,26.72496223449707,45.15018844604492,41.640384674072266,44.72960662841797,12.76642894744873,65.18680572509766,35.63351058959961,10.386848449707031,33.71650314331055,19.899690628051758,31.364477157592773,15.731830596923828,32.456153869628906,28.647541046142578,33.34720993041992,21.244253158569336,17.674692153930664,11.193074226379395,48.22413635253906
2008-01-01,13.0475435256958,23.933700561523438,23.357402801513672,44.42210006713867,31.613595962524414,39.898643493652344,14.421175003051758,61.29464340209961,31.03628921508789,9.97818660736084,37.45893478393555,17.138273239135742,30.397174835205078,14.069317817687988,27.526050567626953,25.24174690246582,37.95000076293945,21.098817825317383,17.54953956604004,10.281730651855469,44.11151885986328
2008-02-01,11.689994812011719,26.1260929107666,23.984142303466797,45.26059341430664,33.01991271972656,41.832000732421875,11.446057319641113,59.64958190917969,35.24342346191406,10.441960334777832,35.33223342895508,15.908208847045898,34.19649124145508,17.3356990814209,27.832523345947266,26.146949768066406,30.299999237060547,21.098817825317383,19.34974479675293,11.936538696289062,44.979129791259766
2008-03-01,8.39982795715332,23.509204864501953,22.423900604248047,48.990081787109375,30.68663787841797,41.2044792175293,7.3734917640686035,56.48515319824219,33.622066497802734,10.561202049255371,31.341503143310547,16.50229263305664,30.990177154541016,15.773953437805176,26.870372772216797,25.6683406829834,21.530000686645508,21.281909942626953,18.13677215576172,11.868016242980957,43.722938537597656
2008-04-01,8.098151206970215,28.796554565429688,26.91237449645996,51.47099304199219,41.06189727783203,46.41297912597656,7.296326637268066,59.03414535522461,39.90696716308594,11.276629447937012,30.587358474731445,17.353073120117188,35.366600036621094,17.434444427490234,31.283851623535156,29.133087158203125,14.899999618530273,24.644447326660156,18.13677215576172,13.48526668548584,48.11176681518555
2008-05-01,3.7332558631896973,30.110340118408203,27.112754821777344,51.94873809814453,46.23729705810547,48.18162536621094,5.2729034423828125,57.11714172363281,40.5946044921875,11.123327255249023,32.884368896484375,19.650175094604492,36.34483337402344,17.002029418945312,33.63782501220703,30.797901153564453,8.539999961853027,27.94249725341797,19.821453094482422,13.726814270019531,46.088775634765625
2008-06-01,2.35685396194458,30.413818359375,26.013450622558594,46.40436935424805,43.01998519897461,48.1718635559082,4.887081146240234,50.8433952331543,41.11381912231445,11.110207557678223,36.16463851928711,15.395524024963379,37.247802734375,16.446760177612305,32.150516510009766,30.095548629760742,5.21999979019165,25.70157814025879,18.87803077697754,12.360342979431152,45.76163101196289
2008-07-01,4.770270824432373,26.654476165771484,22.973491668701172,43.96310806274414,43.558380126953125,41.09162521362305,6.464665412902832,49.45476150512695,34.08344268798828,13.282829284667969,33.252628326416016,15.480178833007812,31.42361068725586,12.854476928710938,27.85379409790039,27.000234603881836,8.3100004196167,28.064075469970703,15.57606315612793,10.362398147583008,41.763404846191406
2008-08-01,8.003877639770508,25.172882080078125,21.849897384643555,44.72830581665039,42.89628982543945,42.26419448852539,6.97052001953125,49.74374771118164,31.465967178344727,12.980487823486328,31.2696533203125,15.915742874145508,28.573204040527344,12.09981918334961,27.67244529724121,25.369632720947266,11.109999656677246,28.656469345092773,15.585688591003418,9.1615629196167,41.75748825073242
2008-09-01,5.6847310066223145,18.79909896850586,19.021501541137695,37.689903259277344,28.78185272216797,40.38405990600586,6.387500286102295,35.06179428100586,20.02731704711914,12.36683464050293,26.936614990234375,14.115708351135254,18.92581558227539,9.042875289916992,23.488935470581055,21.416645050048828,8.789999961853027,24.305057525634766,14.671148300170898,6.608057498931885,40.531028747558594
2008-10-01,9.559398651123047,14.058643341064453,18.84331703186035,24.400609970092773,17.215126037597656,36.52582931518555,9.41405963897705,27.31277847290039,10.372385025024414,10.04006290435791,18.305225372314453,10.807626724243164,14.099163055419922,6.900640964508057,22.215167999267578,19.567222595214844,14.5600004196167,22.805635452270508,9.867405891418457,4.628854274749756,38.683467864990234
2008-11-01,5.618739604949951,14.470861434936523,18.795804977416992,26.182750701904297,16.981061935424805,39.02008056640625,7.553542613983154,24.65658950805664,8.562747955322266,7.372374534606934,23.3853759765625,10.36619758605957,7.585495471954346,6.669684886932373,21.564998626708984,19.182518005371094,11.25,17.184179306030273,7.7687764167785645,4.212540626525879,42.07109832763672
2008-12-01,7.287391185760498,15.512242317199707,18.04305076599121,28.53338050842285,17.744476318359375,36.53098678588867,9.825602531433105,27.341793060302734,8.723366737365723,7.350927352905273,28.372785568237305,10.675146102905273,6.744265556335449,7.784531116485596,21.359233856201172,20.109827041625977,11.020000457763672,16.41493034362793,8.779584884643555,4.272518157958984,41.903141021728516
2009-01-01,5.345343589782715,13.574113845825195,16.39470100402832,19.91832160949707,15.918913841247559,34.827178955078125,5.915940284729004,24.78742027282715,8.97321605682373,5.9950151443481445,27.731443405151367,9.850250244140625,6.58041524887085,6.756934642791748,19.862394332885742,18.10247802734375,9.4399995803833,15.037858963012695,5.371719837188721,4.978137016296387,40.14470672607422
2009-02-01,2.6868131160736084,13.446882247924805,15.1101713180542,15.889467239379883,13.917756080627441,30.258386611938477,4.31263542175293,19.614452362060547,10.857806205749512,5.026747703552246,29.021099090576172,9.414920806884766,7.942065715789795,6.645450592041016,18.022388458251953,17.164264678955078,4.909999847412109,12.97249698638916,3.8988287448883057,4.547708034515381,35.82061767578125
2009-03-01,2.3851354122161865,16.467073440551758,15.795578002929688,18.052387237548828,17.02918243408203,33.51299285888672,4.827064514160156,23.637407302856445,13.602596282958984,5.40225887298584,31.2839412689209,9.674044609069824,10.43836784362793,8.510817527770996,18.157644271850586,17.840654373168945,4.480000019073486,14.213732719421387,4.052856922149658,4.692360877990723,35.92611312866211
2009-04-01,3.5729904174804688,17.774105072021484,16.72517967224121,23.26821517944336,22.750185012817383,32.94481658935547,5.29005241394043,29.670804977416992,15.223061561584473,5.956993579864502,28.124778747558594,13.309324264526367,12.68783950805664,9.072669982910156,18.72327995300293,18.080663681030273,4.920000076293945,16.990110397338867,5.833803176879883,5.912087440490723,35.171722412109375
2009-05-01,2.4322731494903564,20.764753341674805,19.84601593017578,23.189743041992188,21.816347122192383,33.550296783447266,4.981392860412598,31.26003646850586,19.427688598632812,5.752170085906982,34.15652847290039,11.278566360473633,14.127532958984375,10.247990608215332,22.490083694458008,21.566003799438477,4.650000095367432,17.131610870361328,4.572700500488281,6.857449531555176,36.80389404296875
2009-06-01,2.2908613681793213,20.207239151000977,19.11631965637207,21.60713768005371,23.686506271362305,33.33895492553711,4.964245796203613,28.921077728271484,17.885751724243164,5.747805118560791,28.624114990234375,12.253400802612305,12.759469985961914,10.008071899414062,20.938180923461914,20.286640167236328,3.190000057220459,18.101722717285156,6.2477521896362305,6.313149929046631,37.101097106933594
2009-07-01,2.7622323036193848,23.245887756347656,20.06250762939453,29.176000595092773,28.933719635009766,34.959346771240234,5.941661834716797,31.66476821899414,21.52286720275879,6.704349040985107,28.960283279418945,13.092206954956055,15.442084312438965,12.612911224365234,21.960268020629883,20.817838668823242,4.119999885559082,20.00021743774414,7.191173076629639,7.065140247344971,37.3558235168457
2009-08-01,3.2053210735321045,23.002208709716797,20.974437713623047,30.003721237182617,30.606952667236328,35.548099517822266,6.190301895141602,31.56340980529785,22.479446411132812,6.986189365386963,28.147857666015625,13.700148582458496,14.297611236572266,13.88741683959961,23.508974075317383,21.423851013183594,6.230000019073486,20.88988494873047,8.846969604492188,6.878933906555176,36.921905517578125
2009-09-01,4.43088436126709,24.701736450195312,21.700082778930664,33.990081787109375,30.262527465820312,35.79713439941406,7.682147026062012,31.270414352416992,24.488954544067383,8.203965187072754,30.90066146850586,14.283440589904785,15.691802024841309,15.081564903259277,24.23792839050293,22.16828155517578,9.220000267028809,20.379945755004883,9.91554069519043,8.282651901245117,36.63359069824219
2009-10-01,2.884788751602173,24.54082489013672,23.08207893371582,36.72416687011719,29.080665588378906,38.902652740478516,6.121710777282715,33.186561584472656,26.18437957763672,7.178471088409424,30.507551193237305,14.16981315612793,16.405025482177734,15.479608535766602,25.17878532409668,22.471282958984375,6.510000228881836,19.258787155151367,9.135774612426758,9.20988655090332,38.2674446105957
2009-11-01,3.478715658187866,28.17816925048828,23.641748428344727,38.94521713256836,30.43309783935547,40.0141487121582,7.021963596343994,38.985992431640625,29.553789138793945,7.8621344566345215,37.65359878540039,14.076751708984375,18.80731201171875,17.21609878540039,25.686246871948242,23.88246726989746,7.760000228881836,22.187870025634766,8.87585163116455,10.358864784240723,40.31612777709961
2009-12-01,4.562869548797607,28.657154083251953,23.9683780670166,38.01144790649414,31.083789825439453,39.475772857666016,9.7570161819458,39.606849670410156,28.65789222717285,9.772686004638672,33.27110290527344,13.769248962402344,19.847658157348633,16.262392044067383,25.836688995361328,24.592912673950195,12.90999984741211,22.41234588623047,9.443831443786621,10.488937377929688,36.621246337890625
2010-01-01,5.00595760345459,25.959089279174805,23.203468322753906,35.080989837646484,30.609315872192383,36.97874069213867,10.485794067382812,36.57539749145508,23.84585189819336,9.687185287475586,30.1416015625,13.678136825561523,17.87846565246582,13.159144401550293,23.807924270629883,22.115951538085938,12.229999542236328,21.219823837280273,7.711017608642578,9.318280220031738,34.60194778442383
2010-02-01,6.910294532775879,27.440967559814453,22.335636138916016,38.311073303222656,38.6036262512207,37.42582321166992,11.077383041381836,41.957340240478516,26.87440299987793,10.755938529968262,34.65652084350586,13.453458786010742,19.31494903564453,14.707310676574707,23.891849517822266,21.374784469604492,17.149999618530273,23.725908279418945,7.268186092376709,10.066200256347656,35.13578414916992
2010-03-01,6.929150104522705,30.39410400390625,23.955921173095703,42.205963134765625,42.11861801147461,39.25312042236328,12.509215354919434,43.74122619628906,29.87077522277832,11.307588577270508,35.887027740478516,16.494285583496094,22.003986358642578,15.864465713500977,25.25360679626465,22.28108787536621,19.549999237060547,25.81429672241211,9.029878616333008,11.630687713623047,36.20610809326172
2010-04-01,6.665181636810303,27.54466438293457,21.890676498413086,46.010032653808594,49.1077880859375,42.15711975097656,10.357183456420898,44.006072998046875,27.054777145385742,11.273371696472168,39.51588821411133,17.70452117919922,18.909690856933594,15.318449020385742,27.38790512084961,20.883237838745117,21.600000381469727,26.645423889160156,13.823994636535645,11.140817642211914,36.63312530517578
2010-05-01,8.324409484863281,24.536283493041992,18.028850555419922,41.056983947753906,46.334205627441406,38.59556579589844,11.643258094787598,42.43177795410156,25.09185218811035,10.640424728393555,37.92341232299805,15.635637283325195,17.139928817749023,15.010854721069336,23.194778442382812,18.50776481628418,20.010000228881836,25.27737808227539,11.69648551940918,9.892839431762695,32.90363311767578
2010-06-01,8.11700439453125,23.45780372619629,12.122779846191406,40.59074401855469,44.39167404174805,35.455467224121094,10.074247360229492,41.1672477722168,21.180315017700195,9.506775856018066,43.58179473876953,15.204702377319336,16.210430145263672,13.513834953308105,22.22980308532715,17.717910766601562,20.559999465942383,24.597936630249023,8.972118377685547,8.859529495239258,31.05873680114746
2010-07-01,10.22874641418457,27.33275604248047,16.148313522338867,47.445655822753906,54.261043548583984,39.81819534301758,10.185708999633789,49.300132751464844,25.74775505065918,10.311128616333008,39.45939254760742,17.473783493041992,19.30379295349121,15.993584632873535,24.531566619873047,20.095386505126953,23.739999771118164,26.4239444732666,12.688040733337402,10.114781379699707,32.47914505004883
2010-08-01,8.522384643554688,25.16444969177246,14.62037467956543,44.32339859008789,50.88032150268555,39.0672607421875,8.968220710754395,46.778926849365234,25.90970802307129,9.459712982177734,43.285308837890625,15.661251068115234,18.906938552856445,15.576324462890625,23.82424545288086,18.515701293945312,21.200000762939453,25.929912567138672,10.830079078674316,9.732751846313477,32.39913558959961
2010-09-01,8.720359802246094,29.258146286010742,17.281667709350586,53.52003479003906,61.937110900878906,42.743003845214844,9.979934692382812,51.80769348144531,30.732460021972656,11.189003944396973,44.4454460144043,18.401390075683594,22.01872444152832,18.09595489501953,27.080137252807617,20.480396270751953,23.65999984741211,29.07961654663086,14.286078453063965,11.377311706542969,33.86808395385742
2010-10-01,11.114922523498535,31.65415382385254,17.126359939575195,53.76011657714844,60.24131393432617,43.5604248046875,11.909043312072754,57.019649505615234,34.22316360473633,11.77970027923584,43.06559753417969,19.589929580688477,24.414430618286133,22.05315399169922,29.159435272216797,21.623483657836914,29.040000915527344,31.169921875,18.08864402770996,11.813211441040039,36.44422149658203
2010-11-01,10.520994186401367,31.5889835357666,16.790552139282227,57.86392593383789,66.59937286376953,43.066219329833984,11.72899341583252,55.46051025390625,36.580780029296875,11.403023719787598,41.629112243652344,20.631587982177734,24.04326057434082,21.803131103515625,27.59041976928711,19.913938522338867,27.68000030517578,32.16849136352539,18.887662887573242,11.64413833618164,38.36701202392578
2010-12-01,9.436841011047363,35.621944427490234,18.54096794128418,64.06070709228516,75.43862915039062,48.533935546875,10.803020477294922,61.91935729980469,43.74796676635742,11.116229057312012,43.573753356933594,22.080411911010742,26.86637306213379,25.344257354736328,30.36900520324707,21.837135314941406,23.81999969482422,33.07881546020508,21.900833129882812,12.70637035369873,40.33059310913086
2011-01-01,9.351993560791016,34.13066864013672,19.926185607910156,66.66401672363281,72.60651397705078,50.491241455078125,10.005656242370605,67.77200317382812,39.78018569946289,10.148480415344238,39.06243133544922,21.753093719482422,26.049053192138672,23.305896759033203,32.28355026245117,23.997167587280273,25.399999618530273,33.782073974609375,25.65525245666504,12.869522094726562,44.50041580200195
2011-02-01,8.11700439453125,36.2659912109375,20.530235290527344,70.73218536376953,69.50460052490234,55.59747314453125,9.636981010437012,67.21286010742188,38.737674713134766,10.131352424621582,39.20430374145508,19.348007202148438,26.648921966552734,22.291025161743164,33.254940032958984,25.03023338317871,24.040000915527344,34.20096969604492,29.823631286621094,12.647819519042969,47.42414855957031
2011-03-01,8.211276054382324,37.118675231933594,18.69619369506836,76.51827239990234,75.34709167480469,57.60163879394531,8.402347564697266,72.50997161865234,40.63980484008789,10.821057319641113,38.82798385620117,20.208683013916016,26.907690048217773,21.211244583129883,33.535709381103516,24.89548110961914,22.989999771118164,35.247703552246094,32.03778839111328,12.322663307189941,46.64788818359375
2011-04-01,8.569519996643066,39.193721771240234,19.543331146240234,79.6385269165039,82.60546112060547,58.64661407470703,8.899633407592773,72.96647644042969,40.440338134765625,10.067096710205078,41.694908142089844,20.498136520385742,27.69841957092285,19.731138229370117,35.66217041015625,26.226612091064453,22.81999969482422,37.09019088745117,28.321861267089844,12.488815307617188,48.78260040283203
2011-05-01,8.578947067260742,36.94059753417969,19.77028465270996,73.0071792602539,72.51559448242188,56.65380859375,8.642416954040527,64.42005920410156,38.32731246948242,10.135636329650879,40.24367141723633,19.343345642089844,26.52935218811035,18.47657012939453,33.257022857666016,24.171775817871094,24.149999618530273,37.80292892456055,26.319503784179688,12.062551498413086,46.54444122314453
2011-06-01,8.39982795715332,36.634761810302734,18.936546325683594,73.46257781982422,71.30975341796875,55.53596496582031,7.862197399139404,62.018585205078125,39.262489318847656,9.788594245910645,38.54255676269531,19.765045166015625,27.361696243286133,17.573055267333984,33.117347717285156,24.27670669555664,22.6299991607666,37.59765625,24.45191192626953,11.946639060974121,45.37900161743164
2011-07-01,5.8827056884765625,35.4423713684082,19.428245544433594,68.45789337158203,72.2675552368164,56.17317581176758,6.7647504806518555,59.054927825927734,39.489566802978516,8.53715991973877,39.71377182006836,16.5617733001709,26.854724884033203,18.262718200683594,34.24871826171875,22.694355010986328,18.1200008392334,36.906211853027344,22.151121139526367,12.12985610961914,44.49238967895508
2011-08-01,5.269924163818359,32.972434997558594,17.00528907775879,63.05966567993164,64.30631256103516,53.803462982177734,6.456090927124023,60.79250717163086,35.12752151489258,7.393299102783203,44.71994400024414,14.62693977355957,23.350149154663086,18.419540405273438,31.588808059692383,20.583152770996094,18.59000015258789,33.370262145996094,16.057397842407227,10.789525032043457,41.547515869140625
2011-09-01,5.185078144073486,26.077442169189453,15.571989059448242,51.168426513671875,56.51371383666992,50.401283264160156,6.4303693771362305,48.857627868652344,22.70501136779785,6.895837783813477,45.16579055786133,13.145983695983887,16.829214096069336,13.630566596984863,28.983491897583008,18.757099151611328,19.3799991607666,29.568727493286133,16.211427688598633,8.711088180541992,40.76731491088867
2011-10-01,5.439619064331055,30.646095275878906,19.073209762573242,65.8196792602539,68.81163787841797,57.183895111083984,7.304901599884033,57.43059539794922,30.233022689819336,7.333258152008057,47.94963836669922,16.807575225830078,20.639455795288086,16.73412322998047,33.4073371887207,22.361431121826172,19.31999969482422,36.049434661865234,22.53619384765625,9.934557914733887,43.83201217651367
2011-11-01,4.449739933013916,29.503938674926758,18.9879093170166,68.20272064208984,66.93936920166016,56.412452697753906,6.961946964263916,59.96540069580078,29.737401962280273,7.187450885772705,49.42049026489258,15.83890438079834,20.261478424072266,17.34881019592285,33.38167953491211,22.12200164794922,17.969999313354492,37.677284240722656,27.089637756347656,9.090067863464355,45.42009735107422
2011-12-01,4.779699325561523,27.72199821472168,18.634740829467773,63.13003158569336,61.164798736572266,58.37663650512695,6.936225414276123,58.83528137207031,27.627254486083984,7.346174716949463,43.28473663330078,14.908568382263184,18.677061080932617,16.819372177124023,34.8552360534668,22.212526321411133,18.8700008392334,38.599082946777344,28.447010040283203,8.38631534576416,47.859352111816406
2012-01-01,7.9567365646362305,31.179885864257812,20.016868591308594,76.3746109008789,72.26923370361328,56.577049255371094,9.045387268066406,65.5289077758789,34.916160583496094,8.221534729003906,44.34505081176758,17.586305618286133,23.082897186279297,19.33281135559082,34.03023910522461,23.02088165283203,23.100000381469727,41.648681640625,36.812644958496094,9.891555786132812,47.283416748046875
2012-02-01,6.985713958740234,30.578353881835938,20.7764835357666,79.93720245361328,84.05633544921875,60.327857971191406,8.41092300415039,63.07965087890625,32.15822982788086,7.710986614227295,42.86638641357422,18.38268280029297,22.0731201171875,18.02220916748047,35.26103591918945,24.368152618408203,20.649999618530273,40.384578704833984,40.12425231933594,9.828997611999512,49.109169006347656
2012-03-01,7.15540885925293,28.81896209716797,19.82488441467285,74.55486297607422,83.6868667602539,59.27187728881836,8.505236625671387,61.881004333496094,28.742931365966797,7.075561046600342,37.21428298950195,18.71029281616211,21.55356788635254,17.770034790039062,33.833030700683594,22.518455505371094,21.5,39.36992645263672,41.28907775878906,9.121342658996582,49.23976516723633
2012-04-01,9.672528266906738,29.575252532958984,19.124412536621094,72.23444366455078,80.7518310546875,58.912532806396484,9.3969144821167,62.997772216796875,29.188791275024414,7.109907150268555,34.58670425415039,17.160091400146484,21.73967170715332,18.425695419311523,34.51326370239258,21.19254493713379,21.920000076293945,41.18677520751953,44.93760681152344,8.899323463439941,49.01831817626953
2012-05-01,12.463042259216309,24.492136001586914,16.25560760498047,61.585906982421875,67.85304260253906,54.84058380126953,10.3743314743042,56.50371551513672,24.417987823486328,7.75391960144043,34.231040954589844,15.088062286376953,16.757423400878906,16.21288299560547,30.380952835083008,18.97242546081543,25.170000076293945,41.02584457397461,33.2603759765625,7.339938163757324,44.948612213134766
2012-06-01,12.566743850708008,25.9927978515625,18.07465362548828,59.681087493896484,67.82504272460938,58.8514289855957,9.388343811035156,62.23476791381836,25.965070724487305,7.9259257316589355,35.45574951171875,15.738652229309082,18.53707504272461,17.956689834594727,32.94609069824219,20.155126571655273,24.329999923706055,43.93888854980469,32.7694206237793,7.957277774810791,48.915870666503906
2012-07-01,10.803816795349121,26.406766891479492,17.789321899414062,59.567256927490234,67.11820983886719,61.12738037109375,8.273740768432617,59.118003845214844,25.90526580810547,7.9001359939575195,32.502933502197266,16.06795883178711,17.91671371459961,18.395488739013672,33.32229995727539,20.6035099029541,18.889999389648438,45.154212951660156,27.83089828491211,7.235711097717285,49.64756774902344
2012-08-01,10.0496244430542,26.191822052001953,18.966564178466797,60.35948944091797,68.29596710205078,63.06745910644531,7.416361331939697,57.80204391479492,27.78257179260254,7.693660736083984,37.041778564453125,16.10618019104004,17.24498176574707,18.674766540527344,34.60552215576172,22.35671615600586,18.450000762939453,44.9416618347168,31.103994369506836,6.562250137329102,50.2291145324707
2012-09-01,9.861075401306152,27.79810333251953,19.101844787597656,60.8616943359375,64.84989929199219,65.5416030883789,7.853626251220703,63.825626373291016,30.452348709106445,7.547364234924316,41.22951126098633,16.150564193725586,18.397796630859375,19.719266891479492,34.32856369018555,22.757816314697266,19.5,43.92765426635742,31.489055633544922,7.175581932067871,52.61687088012695
2012-10-01,11.482590675354004,28.661100387573242,19.34084129333496,60.35392379760742,65.8133773803711,61.98786544799805,8.256596565246582,66.12417602539062,30.148395538330078,7.590392589569092,40.16969680786133,17.50251007080078,19.66471290588379,21.865657806396484,33.86861038208008,22.89409637451172,19.209999084472656,45.53006362915039,39.14231491088867,7.581864833831787,52.45579147338867
2012-11-01,12.151936531066895,29.187808990478516,19.070220947265625,60.65991973876953,69.3858413696289,59.94183349609375,8.57382869720459,65.04841613769531,30.24920082092285,8.201412200927734,34.6572265625,17.81580352783203,19.593887329101562,22.414703369140625,33.54668426513672,22.78507423400879,20.219999313354492,45.695457458496094,39.97984313964844,7.213531017303467,51.02993392944336
2012-12-01,12.727009773254395,31.772743225097656,19.015409469604492,64.13714599609375,76.58880615234375,61.33134078979492,10.17713451385498,67.24012756347656,26.51942253112793,8.821772575378418,34.442726135253906,18.660642623901367,22.855606079101562,23.37797737121582,34.538516998291016,23.98809814453125,23.3799991607666,46.789669036865234,43.82091522216797,8.674446105957031,50.1093635559082
2013-01-01,13.462347030639648,31.894283294677734,20.330595016479492,70.42130279541016,81.16930389404297,65.30705261230469,11.909043312072754,73.18451690673828,27.576066970825195,9.657426834106445,31.86175537109375,19.42424774169922,22.218215942382812,24.322731018066406,35.324951171875,25.03968620300293,24.149999618530273,48.92594909667969,48.73054122924805,8.34749984741211,52.08944320678711
2013-02-01,12.661016464233398,30.330368041992188,18.681917190551758,66.11260986328125,82.25037384033203,66.9586181640625,12.234850883483887,68.33720397949219,24.971012115478516,10.079565048217773,29.881519317626953,19.667278289794922,21.10474395751953,23.470985412597656,33.30821990966797,23.07027244567871,26.709999084472656,51.294471740722656,51.41640853881836,7.85914945602417,52.17751693725586
2013-03-01,15.998322486877441,28.157724380493164,19.58365249633789,62.24760437011719,82.2077865600586,67.91312408447266,14.155388832092285,67.29279327392578,25.89412498474121,11.622688293457031,31.408260345458984,20.956336975097656,18.865177154541016,23.334335327148438,33.05961227416992,22.482786178588867,32.0099983215332,53.277278900146484,52.91816711425781,7.155592918395996,52.5037956237793
2013-04-01,15.932329177856445,27.659833908081055,20.161672592163086,60.99066925048828,75.52098083496094,69.73641204833984,14.695541381835938,69.89119720458984,24.028623580932617,11.812379837036133,24.29285430908203,20.633031845092773,18.45646095275879,20.700918197631836,34.485294342041016,23.541784286499023,32.29999923706055,55.35359191894531,50.64626693725586,7.264048099517822,51.851219177246094
2013-05-01,16.563966751098633,26.87802505493164,20.088756561279297,61.80466842651367,85.27823638916016,70.72516632080078,15.441465377807617,68.17721557617188,24.51820182800293,12.217622756958008,25.70244789123535,22.3006591796875,17.11810874938965,19.45909309387207,34.11369323730469,23.35904884338379,32.459999084472656,58.09929656982422,54.71837615966797,6.120672225952148,53.078224182128906
2013-06-01,15.479811668395996,23.726064682006836,19.541011810302734,59.420352935791016,77.31571960449219,68.18426513671875,16.041627883911133,63.986629486083984,22.7887020111084,11.145442008972168,22.68870735168457,22.325620651245117,16.46095085144043,17.253934860229492,32.79274368286133,23.16722297668457,31.290000915527344,57.97154998779297,48.04705047607422,5.5893635749816895,53.007816314697266
2013-07-01,18.242053985595703,25.812280654907227,19.40056610107422,60.139244079589844,86.39027404785156,72.53435516357422,18.20223617553711,65.41996002197266,23.609458923339844,11.958222389221191,22.726587295532227,23.411529541015625,18.027706146240234,16.28567123413086,35.13139343261719,25.236576080322266,34.849998474121094,59.59104919433594,55.180458068847656,5.83164119720459,55.0025634765625
2013-08-01,15.234703063964844,26.03859519958496,19.58782386779785,59.87084197998047,88.26863861083984,69.961669921875,16.964677810668945,65.86883544921875,25.22905731201172,11.107809066772461,24.067447662353516,22.384206771850586,18.3841495513916,17.255666732788086,33.66688537597656,26.311691284179688,28.459999084472656,57.99177932739258,52.72563552856445,6.124922275543213,51.48970031738281
2013-09-01,17.87438201904297,27.86518096923828,19.93405532836914,60.494659423828125,95.19685363769531,70.58328247070312,20.28367042541504,64.48545837402344,27.61672592163086,12.625265121459961,21.456077575683594,23.240171432495117,19.871667861938477,17.092529296875,34.23503875732422,27.94158935546875,30.709999084472656,58.6716423034668,56.114253997802734,6.63498067855835,50.82805633544922
2013-10-01,20.71202850341797,29.620901107788086,22.054092407226562,60.88914108276367,91.00553894042969,69.68862915039062,22.682626724243164,64.84195709228516,30.983898162841797,14.931806564331055,20.814682006835938,23.215112686157227,20.66230010986328,17.53803825378418,34.75627899169922,29.514265060424805,33.95000076293945,57.18349838256836,62.17909240722656,6.992671489715576,52.94294738769531
2013-11-01,22.135562896728516,28.58590316772461,22.569753646850586,61.79484558105469,95.28059387207031,71.72659301757812,24.97433090209961,66.74349975585938,29.239160537719727,16.11976432800293,18.9592342376709,24.013643264770508,21.620018005371094,15.815752029418945,35.245216369628906,29.099384307861328,39.25,61.500553131103516,66.1645736694336,6.6871232986450195,55.598976135253906
2013-12-01,23.804222106933594,28.577524185180664,23.337921142578125,66.3308334350586,101.47860717773438,73.17357635498047,23.673049926757812,72.76819610595703,31.809921264648438,16.371938705444336,17.733661651611328,25.1848087310791,22.99750328063965,18.0904483795166,37.660072326660156,29.971187591552734,37.83000183105469,63.76264953613281,75.04042053222656,6.65656852722168,60.19057846069336
2014-01-01,31.628971099853516,26.79666519165039,22.512136459350586,69.04350280761719,91.40776062011719,65.39399719238281,26.379032135009766,68.4896011352539,27.555875778198242,18.205524444580078,16.632524490356445,23.83555793762207,21.660776138305664,17.630464553833008,36.513404846191406,27.965606689453125,45.84000015258789,66.13096618652344,77.9188232421875,5.9363484382629395,54.813880920410156
2014-02-01,34.81544494628906,28.87084197998047,24.586427688598633,71.29324340820312,105.50267791748047,68.16165161132812,28.675302505493164,68.46566009521484,27.73442268371582,19.500333786010742,17.910755157470703,28.11882209777832,23.352062225341797,19.29763412475586,39.00202178955078,31.746871948242188,44.959999084472656,68.81172943115234,85.0426025390625,6.185152530670166,57.66393280029297
2014-03-01,34.50433349609375,28.894514083862305,23.367067337036133,73.05775451660156,107.72234344482422,70.27748107910156,29.918685913085938,72.7660903930664,28.117027282714844,20.55392837524414,18.161422729492188,28.802154541015625,23.203893661499023,18.412132263183594,39.10371780395508,32.48764419555664,44.630001068115234,71.5889663696289,91.396240234375,6.036742687225342,58.50849151611328
2014-04-01,33.06193161010742,30.075538635253906,24.591285705566406,77.94734954833984,109.0671615600586,74.18406677246094,31.80101776123047,74.80158233642578,29.500524520874023,21.04144859313965,19.23839569091797,27.324445724487305,22.563844680786133,19.063610076904297,42.14380645751953,35.28079605102539,40.869998931884766,72.64563751220703,90.32769012451172,5.93320369720459,61.3416633605957
2014-05-01,37.86048889160156,28.941408157348633,24.792415618896484,75.6030044555664,111.0413589477539,73.19007873535156,34.515377044677734,73.06255340576172,29.225862503051758,23.02631950378418,17.735280990600586,27.15586280822754,21.354394912719727,18.86031723022461,42.57052230834961,34.805057525634766,44.369998931884766,76.01793670654297,97.27820587158203,5.722264289855957,60.624412536621094
2014-06-01,40.50017547607422,29.184431076049805,25.92269515991211,80.36561584472656,112.02888488769531,77.81547546386719,33.486244201660156,73.04872131347656,31.328763961791992,23.43641471862793,19.732797622680664,26.92870330810547,22.5596866607666,19.272809982299805,44.61239242553711,36.183204650878906,41.06999969482422,76.44609832763672,100.82083892822266,5.937691688537598,60.71487808227539
2014-07-01,36.718353271484375,30.310028076171875,24.065101623535156,74.97962951660156,101.2101058959961,77.03463745117188,32.39655685424805,68.66014862060547,32.20615768432617,24.67542266845703,19.321693420410156,26.688690185546875,23.81069564819336,20.852951049804688,44.31992721557617,32.3243522644043,46.38999938964844,75.34253692626953,101.94715118408203,6.4403533935546875,59.66556167602539
2014-08-01,36.7466926574707,29.261184692382812,23.796411514282227,81.1714859008789,105.93560028076172,77.81564331054688,34.315242767333984,67.83727264404297,31.470657348632812,27.98447608947754,21.01262664794922,27.016437530517578,22.702768325805664,20.897663116455078,44.37593460083008,33.0560302734375,47.61000061035156,81.0604476928711,113.25859832763672,5.861394882202148,60.39697265625
2014-09-01,33.53325271606445,25.569049835205078,21.861461639404297,73.6995620727539,96.3501968383789,71.72623443603516,31.341487884521484,66.62406158447266,28.251768112182617,29.523136138916016,17.89665985107422,24.46575927734375,20.7763671875,18.884965896606445,41.72336196899414,32.709232330322266,46.790000915527344,83.48601531982422,106.95305633544922,4.941342830657959,57.111759185791016
2014-10-01,39.17927169799805,25.812232971191406,21.61772918701172,76.04571533203125,106.71671295166016,72.10492706298828,34.87876892089844,69.50873565673828,24.911205291748047,30.143850326538086,14.565783500671387,28.09606170654297,20.26519203186035,18.330833435058594,39.34479904174805,30.39496612548828,52.810001373291016,89.66931915283203,105.95187377929688,4.58607816696167,58.72703552246094
2014-11-01,45.98234558105469,22.42068862915039,19.84429168701172,75.43832397460938,106.88371276855469,66.05139923095703,40.54839324951172,70.3863296508789,23.468978881835938,36.560791015625,14.28626537322998,28.92293357849121,19.68642807006836,19.154333114624023,36.88377380371094,28.232967376708984,61.22999954223633,90.28181457519531,109.08055114746094,4.0951995849609375,55.37726974487305
2014-12-01,50.814613342285156,20.549039840698242,19.238664627075195,68.63687133789062,105.8194580078125,68.05955505371094,42.73784255981445,72.37079620361328,20.41844940185547,37.05067825317383,14.693634033203125,29.790077209472656,19.45830726623535,18.035127639770508,37.18368148803711,26.358278274536133,66.88999938964844,92.1064453125,98.2023696899414,3.7179510593414307,56.545475006103516
2015-01-01,46.50347137451172,20.119123458862305,19.597000122070312,60.459922790527344,102.36233520507812,62.204898834228516,41.10444641113281,69.68766021728516,14.895326614379883,39.554561614990234,19.55263328552246,26.329689025878906,18.64296531677246,17.446754455566406,34.12901306152344,26.51786994934082,69.37000274658203,90.62200927734375,79.75753784179688,3.195256471633911,53.468955993652344
2015-02-01,45.477359771728516,22.807172775268555,21.22292137145996,62.67509460449219,104.99488830566406,65.35858154296875,38.758338928222656,74.11318969726562,19.166324615478516,37.85612106323242,20.470022201538086,28.153562545776367,20.839733123779297,19.10371208190918,36.830078125,27.609283447265625,65.18000030517578,93.39881896972656,89.58643341064453,3.3725173473358154,54.5616340637207
2015-03-01,50.11054611206055,20.721426010131836,20.029651641845703,60.50530242919922,102.34474182128906,64.31707000732422,39.14137649536133,72.22512817382812,16.791584014892578,38.83683395385742,16.89708709716797,27.753562927246094,17.93497085571289,18.725101470947266,33.607364654541016,25.937551498413086,67.25,84.1179428100586,87.75733947753906,2.568021297454834,52.38014602661133
2015-04-01,45.94163513183594,22.870718002319336,22.10379981994629,66.22850799560547,102.06420135498047,68.04203033447266,38.86279296875,74.55602264404297,20.6760196685791,35.55804443359375,20.617395401000977,28.724985122680664,19.40355682373047,20.90690803527832,35.737060546875,28.256582260131836,59.7400016784668,82.5025634765625,92.97503662109375,3.6047744750976562,53.84061813354492
2015-05-01,40.30952835083008,20.99550437927246,21.532928466796875,65.03931427001953,100.61166381835938,63.732818603515625,37.44215393066406,77.15876007080078,17.459552764892578,32.48092269897461,21.20113754272461,28.030467987060547,18.961679458618164,19.322975158691406,34.1512451171875,26.37105941772461,54.59000015258789,78.79197692871094,85.59132385253906,2.9570415019989014,52.9376335144043
2015-06-01,37.9976806640625,19.15140151977539,20.75387954711914,64.65816497802734,97.37548828125,59.69227981567383,35.837005615234375,80.44792175292969,16.54438018798828,29.068117141723633,18.19890022277832,28.140722274780273,17.852659225463867,18.93033790588379,32.60152053833008,26.02207374572754,53.0099983215332,74.46626281738281,84.3494873046875,2.764599084854126,51.694976806640625
2015-07-01,38.14990997314453,18.050582885742188,19.20097541809082,60.493003845214844,96.14332580566406,54.74835205078125,38.68093490600586,78.39215850830078,10.541577339172363,31.80012321472168,13.376505851745605,28.59496307373047,16.73064422607422,17.932653427124023,32.87028884887695,26.085582733154297,56.38999938964844,76.19966888427734,64.48950958251953,2.4688949584960938,49.21585464477539
2015-08-01,37.170902252197266,17.326114654541016,17.710357666015625,58.808162689208984,91.06209564208984,50.74522399902344,38.30397415161133,67.79010009765625,9.545734405517578,32.29922866821289,13.298601150512695,26.105693817138672,16.343557357788086,17.21959686279297,30.7518253326416,24.556121826171875,56.970001220703125,67.38770294189453,66.74217987060547,2.323389768600464,47.186561584472656
2015-09-01,37.02785873413086,15.419578552246094,16.136808395385742,50.283905029296875,81.21166229248047,49.423179626464844,39.25763702392578,61.830379486083984,8.693439483642578,33.478546142578125,12.539502143859863,23.095380783081055,15.052804946899414,17.25834846496582,27.538331985473633,24.03346824645996,53.04999923706055,69.4862289428711,57.808563232421875,1.971360683441162,46.628414154052734
2015-10-01,44.074886322021484,16.03889274597168,18.850921630859375,56.781494140625,77.4195785522461,56.94192886352539,44.48089599609375,65.17253112792969,10.600481986999512,40.7392692565918,15.184738159179688,23.307870864868164,16.250091552734375,17.93008041381836,30.484521865844727,25.925613403320312,60.310001373291016,70.22499084472656,72.06575012207031,2.086947441101074,51.89017868041992
2015-11-01,39.429935455322266,13.010574340820312,18.569339752197266,56.516990661621094,75.82624053955078,57.91641616821289,40.75663757324219,66.484375,7.367199897766113,40.37843704223633,14.365419387817383,23.10893440246582,14.723444938659668,16.642736434936523,29.448707580566406,26.5814151763916,55.72999954223633,66.4115982055664,75.73355865478516,1.613076090812683,51.659305572509766
2015-12-01,40.47158432006836,12.561932563781738,16.77680778503418,52.86847686767578,66.4886474609375,57.05388259887695,44.46736526489258,64.22123718261719,6.0973029136657715,37.954002380371094,14.055824279785156,21.715862274169922,12.960904121398926,16.894996643066406,27.099193572998047,24.51527214050293,57.29999923706055,61.86284637451172,69.83235168457031,1.5747836828231812,49.31230545043945
2016-01-01,37.2606086730957,10.68447208404541,17.372533798217773,49.024906158447266,67.908935546875,54.84049606323242,38.853023529052734,64.8443374633789,4.142922878265381,33.1590576171875,15.595004081726074,22.480955123901367,10.971368789672852,16.76563262939453,25.998435974121094,24.171682357788086,48.279998779296875,56.9581298828125,46.1217041015625,1.1727112531661987,49.24903869628906
2016-02-01,39.28837203979492,11.025827407836914,15.942622184753418,53.32561492919922,74.44303131103516,53.59002685546875,42.45234680175781,67.5135726928711,6.871849060058594,36.97562026977539,20.18131446838379,23.708406448364258,12.079824447631836,15.5032320022583,27.48480796813965,24.384384155273438,57.2599983215332,62.81634521484375,49.64508819580078,1.4072532653808594,51.16425323486328
2016-03-01,39.29795455932617,12.783935546875,16.539989471435547,60.28868103027344,83.8809814453125,61.27143096923828,42.83955001831055,65.31634521484375,9.31257152557373,39.55840301513672,20.78689193725586,25.17694854736328,13.084162712097168,17.944639205932617,29.279666900634766,25.137380599975586,59.86000061035156,63.365966796875,59.868682861328125,2.015148878097534,53.36018753051758
2016-04-01,33.24179458618164,15.4690580368042,18.40334129333496,61.81504440307617,89.29043579101562,65.62594604492188,36.67058563232422,71.35678100585938,12.60890007019043,39.390628814697266,27.348295211791992,27.119659423828125,15.578807830810547,19.213909149169922,31.962873458862305,28.087234497070312,45.810001373291016,69.48352813720703,64.43175506591797,2.7139892578125,56.43070983886719
2016-05-01,30.66625213623047,13.312076568603516,17.531667709350586,57.67124938964844,88.08879089355469,65.55379486083984,38.36903381347656,69.81272888183594,9.979043960571289,37.50984573364258,25.346242904663086,25.7734317779541,12.977713584899902,16.899211883544922,29.85595703125,26.853059768676758,45.09000015258789,67.50982666015625,67.0694808959961,1.881124496459961,57.304073333740234
2016-06-01,27.20656967163086,14.096879959106445,19.826414108276367,60.29590606689453,86.52662658691406,68.0396499633789,32.16254806518555,69.26801300048828,10.0330810546875,34.705684661865234,30.615394592285156,23.979686737060547,14.486533164978027,17.502519607543945,33.99972152709961,27.000694274902344,41.040000915527344,69.96356964111328,64.59540557861328,2.4220073223114014,60.3424186706543
2016-07-01,34.11632537841797,14.65463924407959,19.206666946411133,66.4577407836914,94.47591400146484,66.51439666748047,34.21076965332031,66.42174530029297,11.672237396240234,32.75840377807617,34.43450164794922,27.262033462524414,15.190035820007324,16.86028480529785,31.887821197509766,27.000694274902344,46.88999938964844,74.61444854736328,76.69622039794922,2.7522811889648438,57.258995056152344
2016-08-01,34.98955535888672,14.940495491027832,19.250471115112305,65.80728149414062,97.45097351074219,65.96904754638672,32.62333297729492,72.26818084716797,9.26754379272461,32.73208236694336,29.926706314086914,27.779314041137695,14.157353401184082,16.78192138671875,30.682720184326172,26.804216384887695,50.40999984741211,77.0486068725586,79.23767852783203,2.5225250720977783,56.57221603393555
2016-09-01,35.288368225097656,17.256271362304688,19.989561080932617,71.28388214111328,99.42155456542969,67.50383758544922,34.94023895263672,73.48283386230469,9.780900001525879,34.516029357910156,30.767498016357422,27.287235260009766,15.673046112060547,17.09389877319336,31.41684341430664,27.171567916870117,52.470001220703125,78.66168975830078,75.56025695800781,2.632617235183716,56.66310119628906
2016-10-01,39.13432312011719,17.44053840637207,20.211280822753906,67.61146545410156,99.16553497314453,68.70408630371094,37.07961654663086,76.0226821899414,10.069104194641113,35.54556655883789,29.005542755126953,25.495317459106445,16.353458404541016,18.452312469482422,31.253698348999023,27.1943416595459,56.22999954223633,71.12055969238281,72.83589935302734,3.3123109340667725,54.092247009277344
2016-11-01,44.87651062011719,18.695541381835938,20.261625289916992,77.41374969482422,110.8259506225586,73.90321350097656,42.96712112426758,86.26808166503906,13.824756622314453,41.36775588989258,25.403352737426758,28.966350555419922,17.78937530517578,21.37677001953125,32.660884857177734,27.148784637451172,68.94999694824219,82.21366882324219,97.3359375,4.063803195953369,57.177947998046875
2016-12-01,45.118099212646484,17.819028854370117,21.63323211669922,75.12921905517578,106.83161163330078,77.97064971923828,43.86784362792969,89.22847747802734,11.879383087158203,44.32864761352539,26.71969223022461,30.05038833618164,18.04745864868164,20.797260284423828,34.75731658935547,29.422704696655273,72.87999725341797,84.12034606933594,101.63909912109375,3.6692702770233154,59.11662292480469
2017-01-01,42.760250091552734,20.56310272216797,20.8230037689209,78.13774108886719,114.91411590576172,73.76408386230469,42.12884521484375,92.70098876953125,14.995585441589355,46.5255241394043,28.452896118164062,31.654016494750977,21.0178279876709,24.97754669189453,34.76371383666992,29.186025619506836,70.47000122070312,86.47327423095703,121.7878646850586,4.901992321014404,54.94452667236328
2017-02-01,44.89884948730469,18.83498764038086,19.977428436279297,78.95458984375,116.84615325927734,75.2392578125,44.70499801635742,94.81393432617188,12.068514823913574,51.40843200683594,26.853012084960938,31.52985954284668,20.02935028076172,23.92115592956543,33.748435974121094,28.845455169677734,74.08999633789062,88.0760726928711,123.2511215209961,4.983851432800293,53.74829864501953
2017-03-01,40.96680450439453,18.475282669067383,20.330810546875,75.76895141601562,118.97865295410156,71.808349609375,41.150447845458984,94.79337310791016,12.032491683959961,47.89839172363281,25.888376235961914,31.713909149169922,19.624134063720703,23.418716430664062,34.29475021362305,29.49184226989746,70.63999938964844,86.42782592773438,120.38235473632812,4.574550151824951,54.20436477661133
2017-04-01,41.27672576904297,18.10903549194336,20.213008880615234,84.2226333618164,118.77403259277344,71.36027526855469,40.68486404418945,97.18804931640625,11.48310375213623,50.09016418457031,26.556005477905273,31.492103576660156,19.209270477294922,23.079410552978516,33.94355392456055,29.930530548095703,70.20999908447266,91.35628509521484,105.5667953491211,4.27018928527832,53.966426849365234
2017-05-01,46.985191345214844,17.849605560302734,21.658414840698242,86.83349609375,124.90672302246094,69.9107666015625,44.16982650756836,106.63603973388672,10.348301887512207,53.538211822509766,26.823049545288086,29.82863426208496,19.445648193359375,22.89032745361328,35.98979568481445,30.99879264831543,79.66999816894531,90.50089263916016,104.67151641845703,4.165674686431885,53.70877456665039
2017-06-01,48.838985443115234,18.10394287109375,20.759727478027344,88.50543212890625,128.48683166503906,70.48500061035156,48.314395904541016,108.15191650390625,10.816632270812988,55.47958755493164,25.478307723999023,31.287843704223633,20.41045379638672,22.674251556396484,35.18281555175781,29.392545700073242,75.25,89.36039733886719,108.50296783447266,4.354796886444092,53.86223220825195
2017-07-01,48.955448150634766,21.19163703918457,21.05329704284668,94.52808380126953,132.98565673828125,73.76839447021484,44.376609802246094,112.25604248046875,13.1672945022583,49.56021499633789,29.238309860229492,32.42964553833008,22.856231689453125,25.758167266845703,37.39207458496094,30.03266716003418,67.68000030517578,84.4784164428711,114.5196762084961,4.991840839385986,53.40185546875
2017-08-01,43.51129913330078,22.12761116027832,21.155025482177734,97.4647445678711,127.11981201171875,73.43824005126953,42.69968795776367,101.4487533569336,13.311393737792969,46.66035461425781,30.158647537231445,31.546947479248047,24.240158081054688,26.744186401367188,37.1084098815918,30.844688415527344,61.959999084472656,86.9012680053711,113.65326690673828,5.509440898895264,51.42021942138672
2017-09-01,46.18577194213867,21.022747039794922,23.408811569213867,103.45413970947266,134.0189666748047,80.18020629882812,43.631675720214844,110.43943786621094,12.64492416381836,50.096797943115234,29.563573837280273,34.405330657958984,23.306705474853516,26.126514434814453,40.739891052246094,32.158607482910156,60.880001068115234,95.7069320678711,133.5613555908203,5.011749267578125,55.22636795043945
2017-10-01,45.53416442871094,21.256162643432617,24.773256301879883,113.3259048461914,141.07766723632812,79.0815658569336,45.269447326660156,116.84998321533203,12.590888023376465,48.19960021972656,28.49957275390625,34.11521530151367,23.67218780517578,28.22267723083496,42.38751983642578,33.48051452636719,58.47999954223633,95.55838775634766,136.19906616210938,4.872395038604736,56.149269104003906
2017-11-01,49.21090316772461,21.55181884765625,24.766719818115234,117.79048156738281,134.38636779785156,81.95706176757812,48.182369232177734,131.78160095214844,12.536846160888672,54.29390335083008,29.153736114501953,33.5699577331543,23.657371520996094,27.785659790039062,43.77199172973633,33.97924041748047,63.31999969482422,104.98475646972656,153.52720642089844,5.325294017791748,56.62814712524414
2017-12-01,50.711883544921875,23.854822158813477,25.978166580200195,131.5013885498047,141.8041534423828,86.22744750976562,50.986637115478516,138.15216064453125,17.076047897338867,58.6904182434082,29.633480072021484,34.503726959228516,26.14164161682129,31.353853225708008,45.54006576538086,33.65833282470703,67.4000015258789,111.29212951660156,165.49327087402344,6.151595115661621,56.86611557006836
2018-01-01,52.9438591003418,25.426475524902344,26.447908401489258,136.47134399414062,150.92379760742188,86.337646484375,51.68769454956055,146.8997344970703,17.56239891052246,54.52066421508789,31.994997024536133,36.19300842285156,27.71221351623535,32.080711364746094,47.94985580444336,35.35098648071289,67.81999969482422,110.794189453125,174.34982299804688,6.584170818328857,59.35451126098633
2018-02-01,52.977325439453125,24.119356155395508,24.381193161010742,129.63853454589844,135.88711547851562,77.85482025146484,49.35781478881836,142.00067138671875,16.75182342529297,51.86635971069336,30.170549392700195,34.8804817199707,27.020763397216797,35.06631851196289,43.82011795043945,34.516822814941406,67.79000091552734,108.66851043701172,168.55455017089844,6.906083106994629,52.021541595458984
2018-03-01,50.74104309082031,23.611515045166016,25.435243606567383,123.56031036376953,130.97430419921875,79.32953643798828,50.19113540649414,137.64442443847656,15.824165344238281,51.47442626953125,30.969282150268555,32.239723205566406,26.31352424621582,36.030582427978516,44.19411849975586,35.59284591674805,69.47000122070312,112.15589904785156,166.2826385498047,6.470273494720459,51.24541091918945
2018-04-01,41.92288589477539,24.844438552856445,27.976261138916016,121.63775634765625,129.17239379882812,87.03015899658203,47.819393157958984,119.9293441772461,13.736869812011719,47.47544479370117,31.143667221069336,31.02166175842285,28.059926986694336,35.1195182800293,48.411991119384766,38.628334045410156,67.54000091552734,111.48846435546875,144.40109252929688,7.039982318878174,53.40209197998047
2018-05-01,42.618011474609375,26.454669952392578,29.121490478515625,127.99942779541016,115.9065170288086,87.220703125,49.789363861083984,132.4956512451172,15.263185501098633,45.90281295776367,30.858318328857422,30.453739166259766,28.953556060791016,32.69877624511719,48.830448150634766,37.419090270996094,69.58999633789062,119.71238708496094,153.6138458251953,6.917901992797852,56.3647575378418
2018-06-01,37.15616989135742,26.576902389526367,29.019805908203125,114.31558227539062,108.26296997070312,88.71529388427734,45.63487243652344,124.50699615478516,15.58831787109375,45.86516189575195,30.000215530395508,30.32159996032715,28.33056640625,31.347759246826172,48.584815979003906,37.8109130859375,69.7300033569336,118.80664825439453,142.1099090576172,6.521140098571777,57.398536682128906
2018-07-01,38.70271682739258,27.77262306213379,28.657535552978516,121.90884399414062,116.24836730957031,88.60304260253906,50.47201919555664,128.9510955810547,14.944849967956543,52.42762756347656,29.18079948425293,32.16163635253906,28.340778350830078,33.01312255859375,47.98128890991211,40.7391357421875,80.4000015258789,125.69124603271484,143.24586486816406,7.457090854644775,56.55207061767578
2018-08-01,39.72620391845703,25.529983520507812,27.63373565673828,117.71240997314453,116.33843994140625,83.91974639892578,54.23747253417969,128.06942749023438,12.725763320922852,55.401973724365234,24.685935974121094,33.63111114501953,25.141128540039062,29.437292098999023,46.42680358886719,39.17201232910156,87.41999816894531,126.97696685791016,150.0519256591797,6.910325527191162,56.196109771728516
2018-09-01,40.56037902832031,27.218746185302734,29.708833694458008,129.2759246826172,119.84172058105469,86.62591552734375,53.63463592529297,134.494384765625,12.608016014099121,56.44132995605469,24.139690399169922,33.51804733276367,26.706233978271484,29.10002326965332,48.49797058105469,40.67481231689453,89.05999755859375,137.27035522460938,157.49342346191406,7.768880844116211,59.595767974853516
2018-10-01,34.426761627197266,25.21993637084961,27.949506759643555,103.50653076171875,112.14599609375,79.09536743164062,50.75952911376953,121.17284393310547,10.591998100280762,44.37580871582031,24.7152042388916,28.120956420898438,25.80067253112793,25.862184524536133,44.974853515625,37.01729965209961,85.51000213623047,123.26757049560547,115.5882568359375,7.90499210357666,55.85262680053711
2018-11-01,39.52094650268555,24.225997924804688,26.379602432250977,115.74951934814453,124.92127227783203,85.08323669433594,56.65950012207031,138.56509399414062,10.855663299560547,49.35566329956055,25.850248336791992,30.726598739624023,24.476350784301758,22.811511993408203,43.65813446044922,35.1285285949707,96.69999694824219,130.326904296875,112.75797271728516,7.172078609466553,56.29135513305664
2018-12-01,31.59904670715332,26.372255325317383,24.79094696044922,108.4122543334961,110.51553344726562,77.8224868774414,46.57074737548828,134.15147399902344,9.373693466186523,42.13188171386719,27.811927795410156,29.218358993530273,25.37668228149414,20.965063095092773,42.118534088134766,33.39812469482422,83.7300033569336,117.14844512939453,98.70294189453125,6.905089855194092,48.28312683105469
2019-01-01,35.2008056640625,29.155136108398438,26.883012771606445,114.33892059326172,121.65474700927734,82.01441192626953,46.1320915222168,147.4883270263672,10.62872314453125,51.45021438598633,27.378488540649414,33.503448486328125,29.454328536987305,22.906898498535156,44.619476318359375,35.030269622802734,87.2699966430664,134.81015014648438,120.58451080322266,6.512457370758057,51.88718795776367
2019-02-01,35.158626556396484,30.129058837890625,28.291336059570312,117.9281234741211,128.36871337890625,86.40095520019531,46.59546661376953,147.52432250976562,11.779253959655762,50.79755783081055,27.386516571044922,34.83836364746094,30.464574813842773,24.892879486083984,45.646976470947266,36.42559814453125,87.80999755859375,142.8628692626953,129.56626892089844,6.533398151397705,56.579833984375
2019-03-01,31.33982276916504,31.794187545776367,29.001102447509766,116.33960723876953,131.51773071289062,89.0020980834961,48.54085922241211,144.4407958984375,11.770119667053223,47.19418716430664,28.827880859375,35.013057708740234,33.17571258544922,27.737977981567383,45.92580032348633,36.06648254394531,79.77999877929688,142.43687438964844,109.9854736328125,6.837035179138184,57.847042083740234
2019-04-01,33.72780990600586,30.79389190673828,29.00774383544922,120.43976593017578,138.53225708007812,86.7477798461914,54.781166076660156,149.67295837402344,11.282581329345703,49.303436279296875,25.656177520751953,36.8269157409668,33.20390701293945,26.85718536376953,46.61552810668945,36.07944107055664,88.86000061035156,150.8195343017578,135.6599884033203,6.690451622009277,57.474754333496094
2019-05-01,26.94729995727539,30.189064025878906,27.409791946411133,103.49944305419922,126.47643280029297,83.0701675415039,48.6922607421875,126.66581726074219,8.899582862854004,43.27573776245117,27.3330020904541,33.977378845214844,32.657081604003906,23.835384368896484,46.02043533325195,33.37688064575195,77.6500015258789,142.82276916503906,105.99038696289062,6.528164863586426,51.24701690673828
2019-06-01,32.27145004272461,33.79477310180664,28.069456100463867,117.73588562011719,143.74148559570312,90.79712677001953,53.65603256225586,150.43350219726562,10.641000747680664,46.34138488769531,31.907005310058594,36.99208068847656,35.14314270019531,27.453449249267578,48.447654724121094,36.6469841003418,87.55000305175781,144.81813049316406,127.6794204711914,7.0359673500061035,55.490447998046875
2019-07-01,30.193246841430664,31.945396423339844,26.750125885009766,114.62006378173828,137.58383178710938,89.8266830444336,58.08316421508789,150.37904357910156,10.182774543762207,47.02582931518555,30.289670944213867,36.207427978515625,32.17790985107422,25.291088104248047,46.82453918457031,33.98663330078125,91.91000366210938,154.1009979248047,121.82636260986328,6.800387859344482,53.84666442871094
2019-08-01,26.128435134887695,28.58976173400879,25.286243438720703,103.59070587158203,126.33776092529297,86.7768783569336,55.05720901489258,140.62911987304688,8.46109676361084,47.9171028137207,33.08474349975586,34.01116180419922,29.736309051513672,22.60633659362793,42.098670959472656,32.791133880615234,84.30999755859375,139.54974365234375,108.35855102539062,5.758605480194092,50.20534896850586
2019-09-01,26.78388023376465,29.634788513183594,25.997955322265625,109.9541244506836,137.67910766601562,87.42556762695312,54.80979919433594,153.83224487304688,8.810956954956055,49.46487808227539,31.56663703918457,36.319725036621094,30.624046325683594,24.416276931762695,44.55949783325195,34.64501953125,88.41000366210938,139.56698608398438,119.9876480102539,6.020359039306641,51.76692581176758
2019-10-01,29.852554321289062,29.352724075317383,25.943206787109375,120.89916229248047,145.9820098876953,85.61217498779297,52.801239013671875,158.8116455078125,9.0918607711792,51.40648651123047,33.07337951660156,39.45835494995117,30.577011108398438,25.453590393066406,43.893192291259766,35.06475067138672,90.83999633789062,142.56541442871094,128.58432006835938,6.146001815795898,49.53817367553711
2019-11-01,28.63418197631836,30.92508316040039,26.013933181762695,126.97921752929688,155.87744140625,87.19271850585938,54.9389762878418,153.2576446533203,10.536188125610352,52.78941345214844,31.966215133666992,42.38286590576172,32.076175689697266,27.49248504638672,44.219173431396484,35.004791259765625,92.80000305175781,152.4688262939453,147.33718872070312,6.156472206115723,50.551116943359375
2019-12-01,28.574403762817383,32.833526611328125,26.23639488220215,129.5673828125,152.5529022216797,89.70883178710938,56.06058120727539,158.6951141357422,12.147171974182129,49.59835433959961,36.29915237426758,42.38029479980469,34.898128509521484,30.709455490112305,45.36522674560547,36.84364700317383,88.08999633789062,156.62734985351562,160.54510498046875,7.092771053314209,51.77537536621094
2020-01-01,26.741178512573242,30.67302894592285,25.117141723632812,116.04859161376953,136.3650360107422,79.75607299804688,53.43394088745117,145.2491912841797,10.315069198608398,50.517189025878906,37.644195556640625,39.76032638549805,31.411849975585938,27.239465713500977,40.11185073852539,32.80857467651367,74.80000305175781,155.44044494628906,130.62521362304688,6.302893161773682,46.09181213378906
2020-02-01,19.049999237060547,25.991952896118164,22.12746810913086,109.76685333251953,129.9811248779297,70.29532623291016,44.5271110534668,143.32568359375,9.25568675994873,42.44068145751953,37.28495407104492,35.99651336669922,27.5904541015625,24.326114654541016,34.48186111450195,29.1286678314209,61.59000015258789,139.26634216308594,127.53504180908203,5.276590824127197,38.715415954589844
2020-03-01,12.1899995803833,22.662588119506836,17.247974395751953,102.52208709716797,116.2604751586914,54.57037353515625,27.538663864135742,127.26162719726562,6.272678375244141,32.84540557861328,37.93476486206055,32.89188003540039,28.10260009765625,20.58809471130371,27.323925018310547,25.685365676879883,31.549999237060547,122.90921783447266,99.05913543701172,4.454474925994873,28.577457427978516
2020-04-01,12.010000228881836,25.127120971679688,16.83074378967285,103.76648712158203,140.47140502929688,69.2861557006836,25.009700775146484,133.61737060546875,8.20559310913086,28.823894500732422,49.831275939941406,37.250205993652344,28.491201400756836,23.717252731323242,25.94559669494629,24.243837356567383,29.579999923706055,139.2489013671875,123.70358276367188,4.432981491088867,34.97483444213867
2020-05-01,10.5,29.092607498168945,16.80400848388672,107.11005401611328,146.90219116210938,70.0740966796875,24.33402442932129,140.12042236328125,8.428619384765625,29.607900619506836,48.9851188659668,39.924949645996094,33.25925827026367,26.695110321044922,25.282119750976562,25.919864654541016,28.040000915527344,148.85501098632812,133.70574951171875,5.244351387023926,34.885738372802734
2020-06-01,13.069999694824219,30.71710777282715,16.934720993041992,112.78965759277344,150.07232666015625,68.18659973144531,27.07533836364746,145.49557495117188,10.751835823059082,31.52642059326172,51.94677734375,40.4600944519043,34.65329360961914,29.246950149536133,25.867685317993164,27.059425354003906,34.61000061035156,148.16268920898438,143.4768829345703,5.539884567260742,34.310325622558594
2020-07-01,11.119999885559082,32.63807678222656,16.005199432373047,119.36551666259766,167.39576721191406,64.14413452148438,24.102357864379883,163.23463439941406,12.00637149810791,28.491840362548828,58.223472595214844,45.98992919921875,37.651065826416016,32.14443588256836,23.588743209838867,26.496572494506836,31.3799991607666,151.91342163085938,149.5706024169922,6.254536151885986,32.28485107421875
2020-08-01,13.050000190734863,34.00932312011719,15.399079322814941,127.83641815185547,180.63487243652344,65.06114959716797,29.778053283691406,194.48170471191406,14.506148338317871,34.662452697753906,56.6080207824707,46.56892395019531,38.696746826171875,35.680442810058594,23.716760635375977,27.840389251708984,36.0,169.48828125,170.4413604736328,5.910642623901367,31.247501373291016
2020-09-01,12.289999961853027,32.57566833496094,12.846053123474121,133.98077392578125,184.04273986816406,55.813209533691406,29.517433166503906,205.89883422851562,14.534028053283691,34.58867645263672,53.589229583740234,46.265132904052734,38.165870666503906,33.58116149902344,20.112895965576172,24.68619155883789,34.75,173.389892578125,167.98655700683594,5.928382873535156,26.858457565307617
2020-10-01,11.279999732971191,30.307783126831055,11.38928508758545,141.93902587890625,191.6516571044922,53.875247955322266,29.57534408569336,209.87506103515625,16.113811492919922,36.46106719970703,53.07402420043945,46.31938552856445,35.87806701660156,38.82564926147461,20.416547775268555,21.82892417907715,33.86000061035156,156.0570831298828,171.6350860595703,5.922780513763428,25.520620346069336
2020-11-01,14.130000114440918,35.14594268798828,14.677753448486328,156.8875732421875,202.65493774414062,68.57489013671875,38.8514289855957,243.05035400390625,21.735992431640625,42.74237823486328,49.67878341674805,47.39915466308594,41.060386657714844,44.438758850097656,27.330875396728516,30.328746795654297,45.04999923706055,180.58523559570312,218.50767517089844,8.158531188964844,30.551158905029297
2020-12-01,15.770000457763672,41.162139892578125,15.39813232421875,164.50643920898438,199.0869598388672,66.42749786376953,38.81281661987305,250.6709747314453,24.180015563964844,42.99142074584961,50.92208480834961,47.35600280761719,47.53828811645508,48.74265670776367,28.380817413330078,30.736507415771484,43.25,184.2486114501953,223.25367736816406,9.391277313232422,33.02698516845703
2021-01-01,17.170000076293945,42.06929397583008,16.673810958862305,166.12677001953125,205.50405883789062,67.01744842529297,36.640995025634766,269.07183837890625,25.007080078125,40.52870178222656,50.675514221191406,50.0673828125,48.296669006347656,49.708229064941406,29.79421043395996,30.861188888549805,39.9900016784668,174.7362060546875,233.93934631347656,9.049469947814941,35.92745590209961
2021-02-01,20.940000534057617,47.82090759277344,18.565181732177734,196.14663696289062,223.2136688232422,79.7708511352539,46.27421569824219,325.2713317871094,31.512088775634766,53.6170539855957,46.237152099609375,50.10715866088867,55.235923767089844,53.8390007019043,33.41219711303711,34.029441833496094,52.68000030517578,183.08995056152344,286.27996826171875,9.469724655151367,44.303043365478516
2021-03-01,23.899999618530273,44.8315315246582,18.51955223083496,210.67501831054688,228.4237518310547,83.59187316894531,46.60239791870117,349.4367980957031,30.601381301879883,56.319576263427734,51.746246337890625,51.17000198364258,51.34575271606445,51.22743606567383,31.930103302001953,34.703956604003906,57.540000915527344,195.93533325195312,317.01806640625,10.185083389282227,45.492713928222656
2021-04-01,21.719999313354492,47.00882339477539,19.135602951049805,208.19557189941406,222.1910400390625,82.2198257446289,45.28966522216797,346.3641052246094,35.121463775634766,57.90605163574219,53.58358383178711,49.49589920043945,56.24559020996094,52.38980484008789,30.944753646850586,33.01872253417969,54.400001525878906,197.42881774902344,308.007568359375,11.790788650512695,46.64165496826172
2021-05-01,24.239999771118164,47.88103485107422,20.18683624267578,220.03326416015625,227.99778747558594,83.80764770507812,46.023250579833984,337.2578430175781,39.787567138671875,56.68852233886719,63.0880241394043,50.60078048706055,57.812740325927734,53.116859436035156,31.71944808959961,34.8158073425293,58.349998474121094,200.7351531982422,321.49444580078125,12.611222267150879,48.25531768798828
2021-06-01,21.209999084472656,47.054054260253906,20.33306884765625,198.63046264648438,216.06088256835938,84.57473754882812,41.756832122802734,330.2712707519531,34.562644958496094,48.96833801269531,54.824161529541016,49.32415008544922,55.47193145751953,48.988773345947266,33.189998626708984,34.32394027709961,52.290000915527344,196.44764709472656,307.10260009765625,13.627790451049805,52.14914321899414
2021-07-01,20.3799991607666,50.75609588623047,18.609146118164062,189.71295166015625,205.6836395263672,82.20882415771484,38.513580322265625,338.5863952636719,35.559326171875,46.59786605834961,54.339759826660156,45.864559173583984,57.072139739990234,49.99413299560547,33.3707389831543,33.087791442871094,46.720001220703125,195.402587890625,317.2491455078125,12.558361053466797,47.59394073486328
2021-08-01,19.940000534057617,42.73177719116211,19.06449317932129,193.49346923828125,210.42831420898438,79.1926498413086,39.034820556640625,353.9805603027344,33.96335983276367,45.915306091308594,50.16177749633789,45.43593215942383,53.09953308105469,48.31698989868164,33.043113708496094,33.588321685791016,46.5099983215332,194.62808227539062,339.4868469238281,11.393336296081543,45.754676818847656
2021-09-01,20.520000457763672,36.83530044555664,21.30141830444336,176.15087890625,200.244873046875,83.02259063720703,41.12942123413086,314.6871337890625,30.360761642456055,47.43721008300781,47.41738510131836,43.79874038696289,47.264034271240234,43.33784866333008,37.040531158447266,36.97670364379883,47.56999969482422,175.9317626953125,337.8310852050781,9.208725929260254,49.363346099853516
2021-10-01,19.200000762939453,37.74379348754883,22.439367294311523,188.23240661621094,213.87034606933594,93.69400024414062,37.770347595214844,321.4867248535156,35.27853775024414,43.609397888183594,47.15541076660156,49.736995697021484,44.752994537353516,46.309898376464844,38.162471771240234,38.658512115478516,46.13999938964844,216.67227172851562,364.959228515625,8.403374671936035,54.104976654052734
2021-11-01,17.690000534057617,38.67293930053711,20.471729278564453,178.39682006835938,188.21539306640625,93.43582153320312,34.9421501159668,324.52020263671875,34.679962158203125,40.95298385620117,47.958805084228516,46.47201156616211,44.342742919921875,45.89348220825195,35.306034088134766,35.48005676269531,42.2599983215332,211.50228881835938,326.0960998535156,8.165730476379395,50.894256591796875
2021-12-01,17.959999084472656,41.536067962646484,21.000080108642578,190.75128173828125,195.74398803710938,97.14443969726562,37.722084045410156,323.0125427246094,39.028987884521484,39.514102935791016,54.69229507446289,50.02004623413086,47.348907470703125,48.411739349365234,36.44819259643555,38.72536087036133,43.779998779296875,227.2031707763672,319.88690185546875,9.254934310913086,52.042449951171875
2022-01-01,16.469999313354492,43.77288818359375,24.383119583129883,186.874267578125,198.20269775390625,108.71735382080078,38.31088638305664,354.579833984375,34.92693328857422,41.285037994384766,53.94272994995117,52.70069885253906,50.50362014770508,50.12195587158203,43.166748046875,44.472312927246094,42.880001068115234,220.54751586914062,308.17108154296875,10.020679473876953,64.60441589355469
2022-02-01,17.25,48.78516387939453,23.269622802734375,173.91282653808594,184.36045837402344,120.45733642578125,38.532894134521484,339.1494140625,44.05747985839844,40.39957046508789,58.37843322753906,52.21977996826172,55.582271575927734,55.24951171875,43.998172760009766,39.56313705444336,44.400001525878906,222.8965606689453,309.6151123046875,12.205689430236816,67.43606567382812
2022-03-01,18.25,55.59306716918945,23.420982360839844,206.5852508544922,185.25466918945312,136.2088165283203,38.1950569152832,392.373291015625,46.675601959228516,42.244293212890625,70.56300354003906,50.0925407409668,60.60479736328125,60.432884216308594,46.13131332397461,40.15523147583008,46.36000061035156,247.60142517089844,341.95135498046875,13.696893692016602,71.02198028564453
2022-04-01,18.770000457763672,48.20225143432617,22.879274368286133,196.1360626220703,170.87574768066406,131.05592346191406,41.53483200073242,356.5698547363281,38.17106246948242,43.09287643432617,64.70124816894531,47.23725509643555,53.60961151123047,49.5804443359375,44.87158203125,38.70125198364258,50.5,212.3294677734375,304.7054443359375,11.572813034057617,73.30940246582031
2022-05-01,17.8700008392334,50.85056686401367,26.0699462890625,201.0828094482422,190.22750854492188,147.306640625,40.24139404296875,337.8985290527344,36.78730773925781,42.299644470214844,60.260536193847656,49.590484619140625,55.35840606689453,50.319114685058594,50.163475036621094,46.717994689941406,47.630001068115234,200.3565216064453,287.0500793457031,12.367631912231445,83.39933776855469
2022-06-01,12.680000305175781,45.32204818725586,22.832338333129883,166.53028869628906,176.04595947265625,122.10615539550781,27.96337127685547,283.8663024902344,27.543411254882812,33.3158073425293,53.42861557006836,47.0207405090332,45.98124694824219,40.5696907043457,44.29327392578125,42.34815216064453,35.41999816894531,194.43099975585938,233.8430938720703,10.024290084838867,74.3991470336914
2022-07-01,13.710000038146973,44.40237808227539,23.661874771118164,185.97325134277344,201.3162384033203,138.13055419921875,30.69504165649414,325.29876708984375,29.868515014648438,35.16054153442383,40.543792724609375,52.26301956176758,46.00385665893555,40.561546325683594,45.216583251953125,41.07707214355469,36.75,207.2119903564453,310.6259460449219,9.22262191772461,84.20724487304688
2022-08-01,12.989999771118164,44.28136444091797,25.131460189819336,173.27171325683594,197.25779724121094,134.5176239013672,29.990406036376953,346.21881103515625,28.022438049316406,33.85078811645508,37.0338134765625,50.15403747558594,44.349761962890625,38.94136047363281,45.30411148071289,40.63459777832031,35.0099983215332,205.81976318359375,281.1393127441406,8.948846817016602,83.85001373291016
2022-09-01,12.039999961853027,43.11811065673828,23.26534652709961,153.9192352294922,186.39515686035156,122.27095031738281,27.084993362426758,317.5301513671875,25.873428344726562,28.44572639465332,38.136619567871094,47.96469497680664,43.38067626953125,37.09646987915039,42.550628662109375,37.94438934326172,32.529998779296875,178.60147094726562,260.03741455078125,9.597312927246094,76.58692169189453
2022-10-01,14.180000305175781,41.20519256591797,27.11981773376465,204.41427612304688,223.94715881347656,153.9556884765625,32.75102615356445,376.42578125,30.157909393310547,33.527957916259766,38.399749755859375,55.495548248291016,42.03340148925781,38.85863494873047,47.57016372680664,44.67356872558594,43.08000183105469,180.7283172607422,303.9257507324219,9.323515892028809,97.20074462890625
2022-11-01,14.430000305175781,54.113059997558594,29.570453643798828,223.25404357910156,231.49185180664062,157.21356201171875,34.140995025634766,419.3920593261719,37.87582015991211,36.81157302856445,43.07269287109375,60.91916275024414,54.080081939697266,50.95697784423828,50.44744110107422,50.913352966308594,44.16999816894531,199.32920837402344,339.8527526855469,11.888562202453613,98.45187377929688
2022-12-01,12.720000267028809,53.466800689697266,28.7714786529541,226.22879028320312,223.31646728515625,153.93736267089844,31.71820640563965,408.8923645019531,36.162845611572266,31.05601692199707,43.333499908447266,58.521881103515625,56.0970458984375,50.43088150024414,49.1359977722168,52.120849609375,37.70000076293945,191.0011444091797,342.1535339355469,12.26954174041748,97.53226470947266
2023-01-01,16.139999389648438,60.446346282958984,29.842273712158203,239.38661193847656,229.9987335205078,149.24609375,37.74138259887695,403.2467346191406,42.60380172729492,33.16314697265625,48.59410858154297,64.63603973388672,62.518272399902344,62.80685806274414,50.74079513549805,52.08727264404297,48.959999084472656,188.3446502685547,424.4910583496094,13.505895614624023,102.5813217163086
2023-02-01,15.979999542236328,52.53619384765625,32.93797302246094,227.29820251464844,225.4602508544922,139.10130310058594,37.00779342651367,399.8135681152344,39.118736267089844,31.13275146484375,40.03758239746094,64.2589111328125,54.93887710571289,62.37507629394531,52.91902542114258,51.97812271118164,51.959999084472656,192.4845733642578,452.5168151855469,11.814043045043945,97.93526458740234
2023-03-01,14.75,56.238895416259766,31.557239532470703,217.13595581054688,221.564697265625,141.169189453125,33.70662307739258,394.9800720214844,39.061439514160156,30.330257415771484,45.4320068359375,65.14891815185547,55.80262756347656,64.54198455810547,50.1063232421875,50.22914505004883,44.25,186.89427185058594,382.23394775390625,11.666144371032715,97.7125015258789
2023-04-01,13.640000343322754,52.36310577392578,33.50357437133789,208.7363739013672,218.00303649902344,145.85862731933594,33.117820739746094,361.63140869140625,36.329524993896484,28.233051300048828,43.93057632446289,66.47504425048828,52.05263137817383,65.0329360961914,53.97270202636719,54.380165100097656,43.79999923706055,181.73117065429688,348.7681579589844,10.653304100036621,105.4468002319336
2023-05-01,14.779999732971191,48.691307067871094,28.345073699951172,196.28663635253906,190.9832763671875,131.59544372558594,35.06764221191406,330.9804382324219,32.908355712890625,27.84157371520996,37.95777893066406,61.425994873046875,48.0341911315918,57.23158264160156,49.23094177246094,47.889930725097656,47.470001220703125,179.9899139404297,323.7877197265625,9.374317169189453,91.83750915527344
2023-06-01,17.940000534057617,52.92185974121094,29.673620223999023,234.73301696777344,229.056640625,137.4754180908203,45.888118743896484,388.82305908203125,38.332393646240234,33.92934799194336,39.93289566040039,74.70609283447266,51.93061447143555,61.49159240722656,53.08149719238281,49.70084762573242,54.869998931884766,191.30235290527344,432.0240783691406,9.921398162841797,96.39433288574219
2023-07-01,16.75,55.564849853515625,31.363723754882812,254.22640991210938,243.66928100585938,142.98841857910156,44.74638366699219,412.2470397949219,42.94673538208008,32.00846481323242,40.17626953125,76.92093658447266,54.13505935668945,74.94878387451172,54.18040466308594,52.468711853027344,54.310001373291016,216.91905212402344,450.75537109375,10.815949440002441,96.38533782958984
2023-08-01,14.729999542236328,50.988399505615234,31.631389617919922,269.5277099609375,216.482177734375,142.1044464111328,41.47697067260742,394.3406982421875,38.387550354003906,29.609703063964844,36.9000129699707,73.72549438476562,52.293643951416016,69.959716796875,55.1689567565918,54.24497604370117,49.810001373291016,207.42105102539062,463.67041015625,10.042678833007812,100.75474548339844
2023-09-01,12.8100004196167,51.86594009399414,32.941558837890625,261.7332458496094,214.9952850341797,148.73776245117188,35.78936767578125,363.4127502441406,35.867496490478516,25.51116943359375,34.94783020019531,76.17134857177734,53.24748229980469,65.3021011352539,57.20370101928711,57.39980697631836,42.29999923706055,191.49090576171875,432.5637512207031,10.218064308166504,106.54503631591797
2023-10-01,11.149999618530273,52.03007125854492,31.12092399597168,217.84071350097656,203.55194091796875,128.5467529296875,30.312105178833008,351.83758544921875,32.62310791015625,20.949878692626953,35.439659118652344,73.94051361083984,53.833168029785156,61.49448013305664,57.87898635864258,58.13301086425781,35.0099983215332,195.23362731933594,395.298095703125,10.454451560974121,95.9158935546875
2023-11-01,12.430000305175781,55.58627700805664,31.26479148864746,241.61477661132812,212.54421997070312,127.9957046508789,35.82162857055664,350.9227600097656,36.04187774658203,24.09754753112793,38.390785217285156,82.51692199707031,57.8074836730957,63.22954177856445,59.0582389831543,59.39867401123047,39.400001525878906,211.8408660888672,464.7327880859375,11.78645133972168,93.94908142089844
2023-12-01,13.739999771118164,62.288360595703125,30.498029708862305,284.932373046875,227.15573120117188,132.95152282714844,39.02259063720703,386.48492431640625,41.11207962036133,27.3839168548584,39.53706359863281,90.71659851074219,62.30055236816406,75.65921020507812,59.0582389831543,59.509971618652344,41.2599983215332,232.27386474609375,559.8233032226562,12.46220874786377,91.42525482177734
2024-01-01,14.229999542236328,55.823360443115234,30.23957061767578,290.74462890625,226.8997039794922,131.4095001220703,37.96531295776367,380.4054260253906,38.470428466796875,28.34159278869629,32.96506118774414,93.26204681396484,57.95808792114258,72.1694107055664,56.46434020996094,57.56693649291992,41.380001068115234,230.67567443847656,610.5706787109375,10.757101058959961,94.01309967041016
2024-02-01,15.680000305175781,52.28538513183594,30.516874313354492,323.32281494140625,256.3270568847656,136.9702606201172,41.09894943237305,352.8304443359375,36.64820098876953,32.49469757080078,29.851009368896484,103.28163146972656,53.99214172363281,71.787353515625,57.01091384887695,56.586578369140625,45.4900016784668,241.1430206298828,678.4983520507812,10.537088394165039,96.46503448486328
2024-03-01,15.350000381469727,53.930694580078125,32.86298370361328,354.7586364746094,281.1762390136719,142.13333129882812,46.543800354003906,398.4607849121094,45.57520294189453,27.824691772460938,34.50560760498047,115.38967895507812,55.540794372558594,94.56824493408203,60.83100128173828,61.52238845825195,47.880001068115234,233.76678466796875,705.7450561523438,10.002571105957031,107.28182220458984
2024-04-01,13.510000228881836,51.56555938720703,33.81364059448242,325.09417724609375,269.5723571777344,145.31410217285156,48.6828498840332,379.70867919921875,48.54899978637695,24.72670555114746,39.12688446044922,98.82959747314453,59.104679107666016,103.57939147949219,65.02311706542969,64.77593231201172,51.459999084472656,225.43057250976562,653.7568969726562,9.986160278320312,109.15538024902344
2024-05-01,11.5,55.650794982910156,33.149818420410156,328.93231201171875,270.4300537109375,147.7189178466797,49.701026916503906,363.5564270019531,51.26129150390625,25.58460807800293,40.37849426269531,100.40612030029297,61.08266830444336,105.31947326660156,66.66510772705078,65.3569107055664,52.9900016784668,222.56735229492188,656.7130737304688,9.887694358825684,109.10226440429688
2024-06-01,11.329999923706055,53.36979293823242,31.85276222229004,323.6658020019531,265.8226013183594,142.36717224121094,46.21356964111328,363.8798828125,47.24633026123047,27.443519592285156,40.55311965942383,96.14704132080078,57.44908905029297,95.6513442993164,66.11550903320312,60.37895202636719,48.65999984741211,216.29623413085938,634.4632568359375,9.165605545043945,107.11113739013672
2024-07-01,10.640000343322754,51.91145324707031,31.226295471191406,337.7648010253906,280.0961608886719,146.05332946777344,42.053924560546875,362.27288818359375,44.274688720703125,25.84160804748535,47.52667236328125,92.14948272705078,56.77813720703125,94.64813995361328,67.06813049316406,61.3750114440918,45.41999816894531,235.8648223876953,742.7398071289062,8.90302848815918,110.3397216796875
2024-08-01,10.619999885559082,51.53751754760742,30.40011978149414,347.42352294921875,302.0997009277344,136.16522216796875,41.53582763671875,375.67388916015625,43.172935485839844,27.74087905883789,51.71080017089844,90.1217041015625,56.73148727416992,91.29730224609375,66.26225280761719,62.47972869873047,44.040000915527344,246.11514282226562,728.8900756835938,8.952532768249512,110.618408203125
2024-09-01,11.239999771118164,59.708892822265625,28.099523544311523,381.59027099609375,312.6637878417969,135.5393829345703,49.649444580078125,407.87384033203125,48.67192840576172,28.595943450927734,52.02090072631836,92.46422576904297,63.81508255004883,103.81792449951172,60.982357025146484,59.2624397277832,57.060001373291016,236.87942504882812,796.2173461914062,9.93969440460205,109.943115234375
2024-10-01,13.399999618530273,53.315975189208984,26.28232192993164,368.3525390625,317.6754455566406,136.96592712402344,56.1001091003418,395.520263671875,44.02960968017578,29.512788772583008,44.225059509277344,97.71149444580078,58.1840705871582,98.32501220703125,62.46183776855469,57.37322998046875,78.26000213623047,223.0307159423828,799.2362670898438,9.105711936950684,109.5304183959961
2024-11-01,14.520000457763672,50.61460876464844,26.660036087036133,397.6385803222656,363.9484558105469,150.55194091796875,62.5709342956543,455.34332275390625,43.22764587402344,31.230670928955078,41.06160354614258,109.91260528564453,56.345924377441406,91.1612548828125,60.496131896972656,53.18212127685547,96.83000183105469,235.1303253173828,853.1499633789062,8.390871047973633,111.54629516601562
2024-12-01,17.43000030517578,46.94228744506836,26.887434005737305,355.19287109375,338.2904052734375,134.6627655029297,59.315914154052734,415.68536376953125,37.242286682128906,32.617618560791016,36.440467834472656,100.52392578125,52.732398986816406,82.78548431396484,58.54314041137695,50.75566482543945,97.0999984741211,220.42227172851562,693.9872436523438,7.618910789489746,101.72119903564453
2025-01-01,16.920000076293945,47.249916076660156,28.25181770324707,365.02508544921875,345.7141418457031,138.70709228515625,65.95341491699219,467.54547119140625,35.194984436035156,29.79438018798828,41.825279235839844,107.15337371826172,54.167049407958984,83.23062896728516,61.53337097167969,54.04314041137695,105.83999633789062,239.51248168945312,746.8115844726562,7.979671478271484,101.02143859863281
2025-02-01,14.350000381469727,46.60581588745117,30.548757553100586,338.0098876953125,358.9910888671875,149.1102294921875,59.086997985839844,471.6954345703125,36.23562240600586,30.133947372436523,41.94276428222656,103.9590835571289,54.301544189453125,81.36273956298828,63.71498489379883,56.09199142456055,93.80999755859375,239.76023864746094,634.2969360351562,8.099924087524414,106.21844482421875
2025-03-01,10.550000190734863,47.60258865356445,31.16674041748047,324.1042175292969,305.61724853515625,157.26043701171875,42.85084915161133,462.0805969238281,37.16826629638672,32.77203369140625,47.54945373535156,94.39106750488281,55.83598327636719,85.50728607177734,69.2118911743164,61.051513671875,69.05000305175781,229.60379028320312,618.8720092773438,8.90797233581543,113.46949768066406
2025-04-01,9.949999809265137,46.63170623779297,25.32816505432129,305.39215087890625,286.50640869140625,127.90276336669922,40.914695739746094,456.3802490234375,35.52960968017578,27.287254333496094,51.882877349853516,87.45010375976562,55.204017639160156,81.90254974365234,60.90042495727539,53.6524772644043,68.81999969482422,209.60189819335938,623.5625610351562,8.309942245483398,100.78015899658203
2025-05-01,11.40999984741211,48.04389953613281,27.275663375854492,343.66619873046875,315.2395324707031,130.06964111328125,47.698448181152344,498.4189758300781,37.94558334350586,32.57684326171875,52.16535568237305,91.29170989990234,55.231895446777344,84.57328033447266,63.215476989746094,55.37954330444336,79.44000244140625,216.7386016845703,701.2704467773438,8.149277687072754,98.50199127197266
2025-06-01,11.220000267028809,47.161277770996094,28.05362892150879,383.3423767089844,321.1427001953125,136.24484252929688,48.4771614074707,502.1992492675781,42.747947692871094,31.841758728027344,57.64706802368164,92.46873474121094,54.20960235595703,94.11812591552734,67.21536254882812,58.8567008972168,79.62999725341797,224.97164916992188,745.838623046875,8.666975021362305,103.79779815673828
2025-07-01,11.489999771118164,49.69145202636719,30.13445472717285,434.1122741699219,360.48388671875,144.28500366210938,52.63418197631836,517.8828125,39.81201171875,30.359607696533203,61.4466667175293,96.06787109375,55.54787826538086,87.59673309326172,68.93370056152344,57.09263229370117,88.30999755859375,217.04171752929688,874.078369140625,8.50631046295166,107.49523162841797
2025-08-01,13.369999885559082,54.692962646484375,33.50399398803711,415.3016052246094,392.6980285644531,154.5115203857422,61.1114387512207,472.7185363769531,43.927772521972656,32.293277740478516,73.61726379394531,97.57450103759766,59.70280075073242,91.02315521240234,71.23002624511719,60.16058349609375,105.0,219.971435546875,948.5935668945312,9.49246597290039,111.07086181640625
2025-09-01,11.239999771118164,54.67334747314453,32.7717170715332,472.8932189941406,416.28314208984375,149.40281677246094,56.13587188720703,453.1802062988281,38.8028678894043,31.497333526611328,83.70044708251953,95.95443725585938,62.834537506103516,114.96066284179688,68.96431732177734,58.163578033447266,96.5,232.5653839111328,946.9270629882812,10.028033256530762,109.5742416381836
2025-10-01,13.130000114440918,55.9482421875,33.40890121459961,573.7537841796875,431.37249755859375,151.74069213867188,56.93252944946289,457.5111999511719,41.40446472167969,29.90815544128418,80.38460540771484,96.03251647949219,68.28888702392578,131.48104858398438,72.23271942138672,60.648372650146484,94.04000091552734,216.8229217529297,864.123291015625,11.16380500793457,111.1388931274414
2025-11-01,14.050000190734863,53.67304611206055,34.8073616027832,572.262939453125,492.9227294921875,147.02442932128906,63.600120544433594,460.345703125,42.675392150878906,34.359832763671875,90.33582305908203,103.23115539550781,68.48878479003906,129.52517700195312,71.8011245727539,64.01988983154297,101.95999908447266,228.09848022460938,810.2733154296875,11.643969535827637,113.64030456542969
2025-12-01,15.329999923706055,59.204124450683594,33.486419677734375,569.3905029296875,505.2661437988281,148.2696533203125,68.85879516601562,463.0121765136719,50.43004608154297,40.97331619262695,99.41619873046875,108.59982299804688,76.18008422851562,137.8763885498047,71.51886749267578,64.72399139404297,111.81999969482422,228.92807006835938,804.4485473632812,12.668557167053223,117.97338104248047
2026-01-01,13.300000190734863,67.40267944335938,36.523624420166016,654.8959350585938,572.9417724609375,172.0943603515625,65.37615966796875,525.0991821289062,59.9521484375,47.109893798828125,111.86189270019531,121.88845825195312,86.65091705322266,182.8997802734375,74.97411346435547,71.6297378540039,102.31999969482422,232.66897583007812,777.3526000976562,15.62423038482666,138.61920166015625
