Date,ADP,AME,AXON,BA,BP,CARR,CAT,CMI,CPRT,CSX,CTAS,CVX,DAL,DE,DOV,EFX,EMR,ETN,EXPD,FAST,FDX,GD,GE,GWW,HON,HWM,IR,ITW,JCI,LHX,LMT,MMM,NOC,NSC,ODFL,OTIS,PAYX,PCAR,PH,ROK,RSG,RTX,SHEL,SWK,TDG,TT,TTE,UNP,UPS,URI,VRSK,WAB,WM,XOM,XYL
2000-11-01,29.897565841674805,2.8051505088806152,,45.12205123901367,13.677139282226562,,10.46573257446289,4.984116077423096,0.7083330154418945,0.9464861750602722,9.322453498840332,15.59692668914795,,12.45305061340332,17.213998794555664,15.695784568786621,18.210622787475586,6.780302047729492,9.977752685546875,1.1594630479812622,30.677968978881836,22.389053344726562,129.16311645507812,24.133420944213867,25.706430435180664,,,16.060741424560547,52.849327087402344,9.205479621887207,17.737768173217773,20.699668884277344,22.659515380859375,8.422595024108887,0.43141865730285645,,27.117656707763672,2.633004903793335,17.07675552368164,8.81304931640625,6.072292804718018,12.912381172180176,17.593416213989258,13.777215003967285,,8.316793441772461,9.541786193847656,7.023684501647949,28.27436065673828,14.981611251831055,,4.106088638305664,13.239325523376465,19.418167114257812,
2000-12-01,28.724851608276367,3.206615686416626,,43.12118148803711,13.803277015686035,,12.595481872558594,5.354612827301025,0.8958330154418945,0.9464861750602722,9.734247207641602,16.08506965637207,,14.088835716247559,17.05632209777832,13.542043685913086,19.69434356689453,7.269785404205322,10.326369285583496,1.0324628353118896,25.582033157348633,22.902912139892578,125.33497619628906,24.092187881469727,24.948423385620117,,,17.046445846557617,55.617618560791016,9.168058395385742,17.659744262695312,24.974321365356445,22.306774139404297,7.800056457519531,0.3998522460460663,,22.685518264770508,2.7920353412628174,19.47687530517578,10.427858352661133,7.166875839233398,14.336957931518555,17.851327896118164,15.950885772705078,,8.652566909790039,9.82043743133545,7.698605060577393,27.371662139892578,12.935927391052246,,5.360726833343506,15.347947120666504,19.183717727661133,
2001-01-01,27.158435821533203,3.2934653759002686,,38.221031188964844,14.848438262939453,,11.861820220947266,5.295687675476074,0.7838540077209473,1.1129765510559082,8.584444999694824,15.864570617675781,,13.199292182922363,17.40847396850586,13.9963960647583,18.99152374267578,9.131003379821777,11.215953826904297,1.0642131567001343,29.0518798828125,20.920907974243164,120.21698760986328,25.993144989013672,24.915462493896484,,,18.745718002319336,61.730499267578125,9.040825843811035,18.039470672607422,22.932849884033203,23.295795440673828,9.604776382446289,0.4156358242034912,,21.094017028808594,2.855811595916748,19.333431243896484,10.330428123474121,5.733498573303223,13.672308921813965,17.788537979125977,17.55299949645996,,9.155705451965332,9.93021011352539,8.036894798278809,28.839271545410156,16.644630432128906,,6.318816184997559,13.495121955871582,18.56862449645996,
2001-02-01,26.768264770507812,3.412146806716919,,40.760589599609375,14.402360916137695,,11.159014701843262,5.25644063949585,0.7890629768371582,1.2315322160720825,6.622202396392822,16.442228317260742,,12.516571998596191,16.182331085205078,14.349395751953125,16.809377670288086,9.503663063049316,11.227975845336914,1.1306300163269043,26.20302391052246,20.095626831054688,121.57643127441406,23.215784072875977,24.73882484436035,,,17.32906150817871,54.76582336425781,7.517056465148926,19.485538482666016,23.491905212402344,25.249664306640625,10.639954566955566,0.43141865730285645,,18.669084548950195,2.645078659057617,19.074068069458008,10.118321418762207,6.93857479095459,14.248003959655762,17.193126678466797,17.79849624633789,,8.99209976196289,9.526247024536133,8.334213256835938,26.4226131439209,16.471349716186523,,6.391990661621094,14.031610488891602,17.97837257385254,
2001-03-01,24.715513229370117,3.4197328090667725,,36.50761032104492,14.40816879272461,,11.904744148254395,5.340373516082764,0.8537499904632568,1.2411073446273804,7.248165130615234,16.852998733520508,,11.242358207702637,15.11924934387207,14.794407844543457,15.57819652557373,9.149700164794922,9.701262474060059,1.0269888639450073,26.683177947998047,18.492218017578125,109.83931732177734,22.446569442749023,21.5994815826416,,,16.32292938232422,43.334632873535156,7.424330711364746,18.59864616394043,21.647981643676758,23.48178482055664,9.845927238464355,0.42089614272117615,,17.325143814086914,2.555959463119507,17.60683250427246,8.002633094787598,7.818406105041504,13.404937744140625,16.34128761291504,16.964426040649414,,8.237051963806152,9.180377006530762,8.563079833984375,26.59556007385254,15.72046184539795,,5.798445701599121,13.661048889160156,17.96727180480957,
2001-04-01,24.656431198120117,3.420970916748047,,40.49846267700195,15.70322322845459,,13.561102867126465,5.889491081237793,0.9545829892158508,1.2915618419647217,8.055355072021484,18.534454345703125,,12.705659866333008,16.481853485107422,15.656037330627441,16.74656867980957,9.832256317138672,9.622881889343262,1.2220237255096436,26.932836532592773,22.816072463989258,127.34114074707031,25.715747833251953,25.877038955688477,,,18.201045989990234,53.49920654296875,8.624226570129395,18.343000411987305,24.79619026184082,24.358972549438477,11.610433578491211,0.4124782979488373,,16.197643280029297,2.767421007156372,20.66543197631836,9.913578033447266,7.505671977996826,14.27908706665039,17.546844482421875,18.663455963134766,,9.749217987060547,10.119356155395508,8.660508155822754,26.85262107849121,19.27272605895996,,6.099783420562744,13.50065803527832,19.653093338012695,
2001-05-01,24.42464256286621,3.3020241260528564,,41.32144546508789,15.606016159057617,,14.630858421325684,6.067144393920898,1.0,1.3808270692825317,8.57571029663086,18.56303596496582,,11.557917594909668,17.934280395507812,16.651838302612305,17.11265754699707,10.50877571105957,12.404467582702637,1.2646100521087646,25.607643127441406,22.946306228637695,128.5743865966797,29.431943893432617,25.622934341430664,,,19.65989112854004,57.58905792236328,8.539460182189941,20.03351593017578,24.83270835876465,24.064393997192383,13.080068588256836,0.47350847721099854,,18.011436462402344,2.755505323410034,21.496639251708984,10.408172607421875,7.664124965667725,15.27884292602539,18.21339225769043,19.68463706970215,,10.273869514465332,10.161417007446289,8.753369331359863,27.87691307067871,22.208881378173828,,5.96283483505249,15.475151062011719,19.78339195251465,
2001-06-01,22.629419326782227,3.792862892150879,0.5333330035209656,36.531585693359375,14.571267127990723,,13.520576477050781,5.544235706329346,1.21875,1.3451930284500122,8.503999710083008,17.490415573120117,,11.777679443359375,15.92888069152832,17.411334991455078,15.290440559387207,9.42027473449707,11.558753967285156,1.1679410934448242,25.73568344116211,23.032146453857422,128.5743865966797,27.413860321044922,18.47603416442871,,,18.233840942382812,54.69242477416992,8.175889015197754,19.384746551513672,23.894529342651367,21.716516494750977,12.242279052734375,0.4103746712207794,,18.747268676757812,2.9506075382232666,18.88465118408203,8.44168758392334,8.277083396911621,13.43569278717041,17.403982162475586,21.694538116455078,,8.577173233032227,9.673600196838379,8.388574600219727,27.10320281982422,24.98138427734375,,6.8538360595703125,17.04589080810547,19.475698471069336,
2001-07-01,23.198583602905273,3.8822548389434814,0.5208330154418945,38.45674133300781,14.445579528808594,,14.982723236083984,5.832192897796631,1.1825000047683716,1.4520957469940186,9.224771499633789,17.662424087524414,,13.053465843200684,15.294272422790527,18.972904205322266,14.496855735778809,9.869115829467773,10.94614028930664,1.2342712879180908,26.48470687866211,24.033987045288086,114.5126724243164,28.03994369506836,19.62405776977539,,,18.147432327270508,53.378047943115234,9.020219802856445,20.729379653930664,23.429616928100586,21.751768112182617,11.870589256286621,0.48613572120666504,,18.462024688720703,3.3763842582702637,19.890302658081055,9.27372932434082,8.29793930053711,13.461368560791016,17.323339462280273,22.580352783203125,,9.093469619750977,9.767308235168457,8.202198028564453,26.648357391357422,22.51694107055664,,6.625373840332031,17.14544677734375,18.621749877929688,
2001-08-01,23.567407608032227,3.7878973484039307,0.7083330154418945,33.74324417114258,14.97777271270752,,13.595932006835938,5.449334621429443,1.0262500047683716,1.3155248165130615,8.560999870300293,17.663209915161133,,13.433082580566406,15.252066612243652,20.889720916748047,13.640029907226562,9.724783897399902,9.797969818115234,1.2389827966690063,26.952045440673828,23.46054458618164,107.66819763183594,28.302099227905273,19.932043075561523,,,18.006269454956055,52.12385940551758,8.812888145446777,20.91262435913086,21.922426223754883,22.34183120727539,11.01846694946289,0.5038132071495056,,17.414443969726562,3.189446210861206,19.656047821044922,9.368268966674805,8.277083396911621,12.58365535736084,17.097408294677734,21.82457160949707,,8.480302810668945,10.176572799682617,8.138028144836426,25.98700714111328,22.382165908813477,,6.3514838218688965,17.106733322143555,18.004201889038086,
2001-09-01,21.505069732666016,3.3145360946655273,0.7124999761581421,22.07809829711914,14.474386215209961,,12.181954383850098,4.7636566162109375,1.1670830249786377,1.172581672668457,7.409972190856934,16.49539566040039,,11.771574974060059,12.785074234008789,17.575284957885742,11.975741386413574,8.005069732666016,9.121784210205078,1.0737218856811523,23.52703094482422,26.241579055786133,98.37149047851562,25.98762321472168,14.122549057006836,,,15.651568412780762,45.665733337402344,9.577741622924805,22.95353889465332,20.722055435180664,27.51860237121582,9.539080619812012,0.5042339563369751,,14.802505493164062,2.830129623413086,15.322790145874023,8.568609237670898,6.755105018615723,8.554676055908203,15.171191215515137,19.04245948791504,,7.065178871154785,9.308431625366211,7.191940784454346,24.457813262939453,16.692764282226562,,4.984247207641602,14.795056343078613,17.667882919311523,
2001-10-01,23.617176055908203,3.4053432941436768,0.7950000166893005,21.484954833984375,14.230050086975098,,12.25158977508545,4.5197014808654785,1.2229169607162476,1.2544761896133423,7.432037353515625,17.235002517700195,,11.577527046203613,13.990973472595215,17.944446563720703,12.474517822265625,8.847352027893066,8.70759391784668,1.1127290725708008,26.299053192138672,24.32325553894043,96.28242492675781,28.96434211730957,15.807619094848633,,,16.545364379882812,49.318973541259766,10.318190574645996,25.58728790283203,21.981395721435547,27.232511520385742,9.947729110717773,0.5151776671409607,,15.112268447875977,3.0464110374450684,16.03754997253418,8.043288230895996,6.830160140991211,9.914225578308105,15.249687194824219,19.964614868164062,,7.796779155731201,9.610213279724121,7.975541114807129,23.9966983795166,17.56879997253418,,5.57869815826416,13.555683135986328,17.690309524536133,
2001-11-01,25.354412078857422,3.6386725902557373,1.0850000381469727,23.25016975402832,13.099480628967285,,12.991294860839844,5.277425765991211,1.428333044052124,1.3959132432937622,7.858613967895508,16.67544937133789,,12.516498565673828,15.707306861877441,19.991107940673828,13.857401847839355,9.47482967376709,9.653717994689941,1.1360951662063599,29.359155654907227,24.785297393798828,101.80915069580078,31.42576789855957,17.836692810058594,,,17.745769500732422,59.01416015625,9.616842269897461,24.42900276184082,24.254087448120117,25.68860626220703,11.51561164855957,0.5261209011077881,,16.50282859802246,3.5276849269866943,18.421947479248047,9.745790481567383,7.192935943603516,11.119012832641602,14.594533920288086,21.897218704223633,,8.793673515319824,8.831644058227539,8.441715240478516,26.545551300048828,20.957412719726562,,5.491729259490967,16.21148681640625,16.86933135986328,
2001-12-01,26.979841232299805,4.030163764953613,1.1458330154418945,25.68779754638672,13.793450355529785,,14.314525604248047,5.609262943267822,1.5154169797897339,1.3082020282745361,8.825773239135742,17.577775955200195,,13.733955383300781,15.79679012298584,19.396764755249023,14.636658668518066,10.12817668914795,10.993382453918457,1.2517967224121094,33.213104248046875,23.739030838012695,106.45990753173828,32.23155975341797,18.202686309814453,,,19.651212692260742,59.12758255004883,9.197802543640137,24.544700622558594,25.022472381591797,27.584880828857422,10.88608169555664,0.5336968302726746,,16.427398681640625,3.818765163421631,20.60296630859375,10.549079895019531,8.32712173461914,11.937241554260254,14.799834251403809,24.401866912841797,,8.776880264282227,9.679119110107422,8.772006034851074,25.733409881591797,21.852693557739258,,5.629023551940918,17.65558433532715,17.72633934020996,
2002-01-01,24.735340118408203,3.815321207046509,1.4166669845581055,27.125205993652344,13.855737686157227,,13.875959396362305,5.485550880432129,1.412500023841858,1.4929543733596802,9.197187423706055,16.43810272216797,,13.83145809173584,16.27406883239746,20.224035263061523,14.85197639465332,10.076210021972656,11.692174911499023,1.2608418464660645,34.2822380065918,26.79308319091797,98.67732238769531,36.46194839477539,18.08966064453125,,,20.713274002075195,35.28583908081055,10.548382759094238,27.858003616333008,23.49628448486328,30.54010581970215,13.42897891998291,0.5757866501808167,,17.35533905029297,3.8554282188415527,22.007619857788086,11.37009334564209,7.255482196807861,12.6945161819458,15.086665153503418,23.212411880493164,,9.284899711608887,9.69565200805664,9.54918384552002,27.140474319458008,20.456815719604492,,6.292605876922607,15.945910453796387,17.61357307434082,
2002-02-01,24.144428253173828,4.362534999847412,1.4708329439163208,30.57088279724121,14.811991691589355,,15.319293975830078,6.094649791717529,1.0868749618530273,1.4125162363052368,8.186046600341797,16.70557975769043,,15.077141761779785,16.919769287109375,24.113290786743164,14.86237907409668,11.056715965270996,10.52430534362793,1.410396695137024,37.04145812988281,27.187992095947266,102.74037170410156,39.92851257324219,20.631126403808594,,,21.345869064331055,29.212446212768555,10.325291633605957,29.724632263183594,25.09973907470703,29.397499084472656,14.1674165725708,0.5429563522338867,,17.47357940673828,4.204446315765381,22.442689895629883,11.773037910461426,7.484821796417236,13.522390365600586,15.509334564208984,26.549915313720703,,10.535710334777832,10.135235786437988,9.33680534362793,27.92325782775879,23.421855926513672,,6.453164577484131,14.557147979736328,18.739187240600586,
2002-03-01,26.74437713623047,4.710182189941406,1.600000023841858,32.0941047668457,15.873193740844727,,15.689102172851562,6.922801494598389,1.121250033378601,1.4263643026351929,9.215542793273926,17.858976364135742,,14.400517463684082,17.53121566772461,24.03291130065918,14.810759544372559,11.08958625793457,11.775176048278809,1.4213415384292603,37.195106506347656,28.106412887573242,99.80492401123047,37.88055419921875,20.712305068969727,,,21.059123992919922,32.45805740356445,10.841179847717285,30.341144561767578,24.47824478149414,31.048070907592773,14.256747245788574,0.5926223397254944,,18.7740421295166,4.2792649269104,22.47872543334961,11.957829475402832,7.78921365737915,13.7540922164917,16.399980545043945,24.34926414489746,,10.539921760559082,10.555527687072754,9.594255447387695,28.804452896118164,26.45427703857422,,6.865360736846924,15.077234268188477,19.887130737304688,
2002-04-01,23.334197998046875,4.902588367462158,1.6100000143051147,29.666261672973633,15.18565845489502,,15.16882610321045,6.236825942993164,0.9618750214576721,1.3537544012069702,9.568562507629395,17.154664993286133,,14.150758743286133,15.93203067779541,21.959163665771484,13.77846622467041,11.586681365966797,11.170977592468262,1.5783462524414062,33.078670501708984,29.137775421142578,84.19369506835938,37.77275848388672,19.851774215698242,,,20.986343383789062,18.528823852539062,10.931754112243652,33.14445495605469,26.774734497070312,33.13809585571289,12.76199722290039,0.6018818616867065,,17.705446243286133,4.177556991577148,22.501245498657227,12.798334121704102,8.256237983703613,13.007076263427734,15.778038024902344,24.470354080200195,,10.52517032623291,10.432883262634277,8.769774436950684,28.44438934326172,24.548185348510742,,7.00275993347168,14.573741912841797,18.226457595825195,
2002-05-01,23.82988739013672,4.7798027992248535,1.4275000095367432,28.47563934326172,15.378663063049316,,14.516188621520996,5.436561584472656,1.0268750190734863,1.2913039922714233,9.649888038635254,17.39695930480957,,14.85893440246582,15.274216651916504,22.223915100097656,15.027631759643555,11.125176429748535,11.431502342224121,1.4911634922027588,34.53830337524414,30.191177368164062,83.09957122802734,35.53718948364258,21.317731857299805,,,20.674896240234375,22.043773651123047,11.400007247924805,32.75412368774414,26.826980590820312,33.42399215698242,12.64255428314209,0.5850463509559631,,16.434335708618164,3.8958113193511963,22.15323829650879,13.174432754516602,8.764957427978516,12.810368537902832,16.87118911743164,22.547836303710938,,10.642997741699219,10.936357498168945,9.455297470092773,28.699079513549805,22.468807220458984,,6.279004096984863,15.187899589538574,18.222309112548828,
2002-06-01,20.033756256103516,4.7229132652282715,1.0,30.044626235961914,15.204010963439941,,13.594175338745117,4.8886213302612305,1.0143749713897705,1.3157037496566772,9.136063575744629,17.646202087402344,,15.216632843017578,15.021010398864746,21.717178344726562,13.90023422241211,10.01431655883789,12.828039169311523,1.45342218875885,34.2168083190918,31.916826248168945,78.00811767578125,33.861045837402344,19.158771514892578,,,19.945039749145508,13.582464218139648,10.95561408996582,36.686729431152344,26.307254791259766,34.44068908691406,13.962347030639648,0.6334494948387146,,14.840705871582031,3.9090209007263184,21.60618782043457,11.997504234313965,7.951842308044434,12.629940032958984,16.95400619506836,21.71644401550293,,9.651623725891113,11.391157150268555,9.801740646362305,29.350244522094727,20.986286163330078,,6.5310821533203125,14.413276672363281,18.67411994934082,
2002-07-01,17.1540470123291,4.167575359344482,0.40333300828933716,27.721174240112305,13.972396850585938,,12.51517105102539,4.770467281341553,0.831250011920929,1.2976855039596558,8.110270500183105,14.954411506652832,,13.348706245422363,12.596182823181152,17.052001953125,13.235230445861816,9.61098575592041,11.412160873413086,1.436815619468689,32.64692306518555,24.35470962524414,86.46687316894531,33.14461898803711,17.5980167388916,,,19.27047348022461,12.868659973144531,9.707085609436035,33.84151840209961,26.912521362304688,30.500669479370117,12.133879661560059,0.6313446760177612,,12.53144359588623,3.377131700515747,18.201824188232422,11.108799934387207,7.338876724243164,12.927549362182617,14.018424987792969,19.11111831665039,,8.114888191223145,10.215435981750488,9.087674140930176,31.056621551513672,13.958767890930176,,5.7336015701293945,13.096449851989746,16.77566909790039,
2002-08-01,17.374855041503906,4.3615617752075195,0.5216670036315918,24.863630294799805,14.21473503112793,,12.218391418457031,4.442200660705566,0.8793749809265137,1.311133861541748,8.134291648864746,15.418864250183105,,14.587634086608887,12.387351989746094,18.742218017578125,12.777486801147461,9.799385070800781,10.193577766418457,1.3292529582977295,30.340190887451172,23.668498992919922,80.96194458007812,30.567401885986328,16.383262634277344,,,20.009281158447266,15.774162292480469,9.658713340759277,33.483909606933594,26.85348892211914,33.94770050048828,12.54133129119873,0.6439717411994934,,11.145415306091309,3.1262624263763428,18.41647720336914,11.162516593933105,8.589826583862305,11.090449333190918,14.097801208496094,18.605113983154297,,7.973878383636475,10.042241096496582,9.37888240814209,30.464496612548828,14.873311042785645,,5.912291049957275,14.07024097442627,16.281864166259766,
2002-09-01,16.042848587036133,3.6987147331237793,0.42833301424980164,22.8917179107666,12.118964195251465,,10.42091178894043,3.5221495628356934,0.6781250238418579,0.993044376373291,7.748002052307129,13.933919906616211,,14.508793830871582,10.942950248718262,17.502405166625977,11.509687423706055,8.829695701599121,10.808671951293945,1.191874384880066,32.11689376831055,24.478107452392578,66.65607452392578,28.8710994720459,11.848466873168945,,,17.09990692138672,14.187745094299316,10.150075912475586,34.197818756103516,23.63408088684082,34.290504455566406,12.097929000854492,0.7773957252502441,,11.559796333312988,2.991685152053833,17.34945297241211,9.859614372253418,7.839259147644043,10.548909187316895,12.52895736694336,17.42629623413086,,7.313458442687988,9.2720365524292,8.994120597839355,29.80668067932129,8.124967575073242,,6.458113670349121,12.908323287963867,14.65137767791748,
2002-10-01,19.623292922973633,4.48240327835083,0.2958329916000366,19.953956604003906,11.678557395935059,,11.541460037231445,3.572848081588745,0.6668750047683716,1.038968563079834,8.736835479736328,13.607954978942871,,14.808865547180176,10.813599586486816,18.967641830444336,12.620315551757812,9.534653663635254,12.189738273620605,1.2813217639923096,34.1181640625,23.909452438354492,68.27848815917969,32.88116455078125,13.095678329467773,,,17.999902725219727,14.54997730255127,7.995195388793945,30.617801666259766,27.28118324279785,28.510005950927734,12.145087242126465,0.9827938675880432,,13.781867027282715,3.906277656555176,19.810426712036133,10.029298782348633,8.58148193359375,11.516225814819336,13.343013763427734,17.26626968383789,,8.28178882598877,9.577580451965332,9.177515983581543,28.605445861816406,5.87230920791626,,6.531500816345215,12.742264747619629,15.459733963012695,
2002-11-01,20.057025909423828,4.721195697784424,0.3416669964790344,22.961347579956055,12.033930778503418,,14.098376274108887,4.7354416847229,0.7556250095367432,1.044674277305603,9.328285217285156,13.63071060180664,,16.328380584716797,13.455121040344238,19.579599380493164,13.768245697021484,10.577486991882324,12.964950561523438,1.3485010862350464,33.720462799072266,24.610448837280273,73.33514404296875,36.624671936035156,14.343345642089844,,,19.931825637817383,17.860456466674805,8.185050964355469,27.66274642944336,28.042390823364258,26.899606704711914,11.86250114440918,1.0400359630584717,,13.963582992553711,4.3573713302612305,21.285627365112305,12.869852066040039,8.965106964111328,11.711724281311035,13.583175659179688,19.319581985473633,,9.852725982666016,9.398759841918945,8.99878215789795,30.29351043701172,9.328307151794434,,6.568364143371582,13.793971061706543,16.08871841430664,
2002-12-01,18.16224479675293,4.896613597869873,0.336667001247406,22.246551513671875,12.475884437561035,,12.917389869689941,4.236894130706787,0.7400000095367432,1.0696097612380981,8.455897331237793,13.518872261047363,,14.70473575592041,12.627970695495605,18.644926071166992,13.425025939941406,10.889779090881348,12.65487289428711,1.4111522436141968,34.81184005737305,23.981966018676758,66.34304809570312,35.10602951049805,13.234920501708984,,,19.077999114990234,17.201026916503906,7.996540069580078,30.60390281677246,26.627838134765625,26.924612045288086,12.018824577331543,1.1953463554382324,,13.341911315917969,4.166149616241455,21.03032112121582,12.661983489990234,8.74827766418457,11.612363815307617,13.72976303100586,18.58851432800293,,9.183083534240723,10.067590713500977,9.340621948242188,30.15962028503418,10.358369827270508,,6.444431781768799,12.686917304992676,16.1534423828125,
2003-01-01,16.042930603027344,4.389014720916748,0.3449999988079071,21.302467346191406,11.972553253173828,,12.518655776977539,3.7202746868133545,0.6424999833106995,1.059030532836914,7.63340950012207,13.095898628234863,,13.534125328063965,11.333131790161133,17.251001358032227,12.390101432800293,9.971087455749512,11.941705703735352,1.2499957084655762,33.77174377441406,20.06108856201172,63.04630661010742,32.211734771728516,13.477559089660645,,,17.88966941833496,16.123437881469727,9.486390113830566,27.053314208984375,26.89778709411621,25.37298011779785,11.844463348388672,1.3060418367385864,,12.09277629852295,3.9123687744140625,18.37702178955078,14.09264087677002,8.539783477783203,11.919819831848145,13.06541919708252,14.309608459472656,,8.372682571411133,9.562098503112793,8.90221881866455,28.844791412353516,9.94442081451416,,5.508062362670898,12.725656509399414,15.788212776184082,
2003-02-01,15.038804054260254,4.195643901824951,0.33250001072883606,18.686555862426758,11.820808410644531,,13.378281593322754,3.621408462524414,0.4881249964237213,1.018629789352417,6.245606422424316,13.192229270935059,,13.271147727966309,11.110159873962402,15.469755172729492,12.534570693969727,9.952852249145508,13.251763343811035,1.2575922012329102,33.00128173828125,17.97429084777832,66.04898834228516,31.46833038330078,12.725926399230957,,,17.521995544433594,14.904870986938477,9.109368324279785,24.28694725036621,27.216745376586914,24.17554473876953,11.501601219177246,1.1675673723220825,,12.601847648620605,4.355419158935547,18.462961196899414,14.175631523132324,7.951842308044434,11.0255765914917,12.37301254272461,13.874188423156738,,8.452176094055176,9.257954597473145,8.610471725463867,27.609169006347656,8.30787467956543,,5.053686618804932,11.01524829864502,15.834814071655273,
2003-03-01,14.304100036621094,4.20796012878418,0.3583329916000366,16.991474151611328,11.969695091247559,,14.004502296447754,3.7165892124176025,0.47999998927116394,1.081583023071289,6.120956897735596,13.290909767150879,,12.660835266113281,10.544209480285645,16.12306022644043,12.076539039611816,9.81257152557373,13.933926582336426,1.0658904314041138,35.39200973510742,16.70342445373535,70.03115844726562,29.328519821166992,11.875314712524414,,,17.16983985900879,12.964010238647461,8.465492248535156,25.259069442749023,28.228397369384766,23.924575805664062,11.199881553649902,1.3258243799209595,,13.1925630569458,4.5594940185546875,17.74386215209961,12.752522468566895,8.272913932800293,10.875003814697266,12.709861755371094,13.02815055847168,,8.267921447753906,8.908760070800781,8.61693286895752,27.350065231323242,9.2609224319458,,5.333934307098389,11.723774909973145,16.26769256591797,
2003-04-01,15.623486518859863,4.805819988250732,0.6775000095367432,18.496715545654297,11.954183578491211,,15.07239055633545,4.095801830291748,0.5249999761581421,1.212799310684204,6.669792652130127,12.912637710571289,,14.199091911315918,12.51199722290039,18.70404815673828,13.501229286193848,11.512763023376465,14.096718788146973,1.305234432220459,38.483253479003906,18.93623924255371,80.87909698486328,31.550373077392578,13.1206636428833,,,18.891250610351562,15.726168632507324,8.706318855285645,26.587085723876953,27.362207412719727,24.524093627929688,12.841424942016602,1.395693063735962,,15.013406753540039,5.28963041305542,18.632431030273438,14.046250343322754,8.948430061340332,11.633503913879395,13.087544441223145,13.049871444702148,,9.444154739379883,9.2509126663208,9.325084686279297,29.806753158569336,9.915538787841797,,5.632562160491943,12.022674560546875,16.38405990600586,
2003-05-01,16.213478088378906,4.743358135223389,0.8166670203208923,20.915559768676758,13.113333702087402,,14.943446159362793,5.230329990386963,0.5612499713897705,1.2459220886230469,6.8874688148498535,14.736116409301758,,14.082988739013672,13.254810333251953,20.439353942871094,14.038588523864746,11.837145805358887,13.597872734069824,1.2640193700790405,41.11819076538086,20.38536834716797,78.81937408447266,32.05418014526367,14.675862312316895,,,18.321380615234375,17.84315299987793,9.25829029083252,24.72178077697754,27.601552963256836,24.567916870117188,13.27129077911377,1.6612790822982788,,14.709773063659668,6.004822254180908,18.60696029663086,14.67851448059082,9.97003173828125,12.89736270904541,14.582626342773438,15.326294898986816,,9.420186042785645,10.680363655090332,9.555387496948242,30.056758880615234,12.302970886230469,,6.303560733795166,14.098410606384277,17.063312530517578,
2003-06-01,15.784716606140137,4.679319381713867,1.0833330154418945,23.40468978881836,13.154026985168457,,15.949224472045898,5.475977897644043,0.5987499952316284,1.144727110862732,6.591655731201172,14.997861862182617,,14.808326721191406,13.101743698120117,20.988283157348633,13.716473579406738,11.086830139160156,13.388076782226562,1.2833034992218018,39.896759033203125,22.118213653564453,79.27925109863281,32.09537887573242,15.039955139160156,,,19.510927200317383,19.14645004272461,9.184929847717285,25.334247589111328,28.149351119995117,24.172916412353516,11.624483108520508,1.3491839170455933,,14.165132522583008,6.166845798492432,19.324907302856445,14.796445846557617,9.452971458435059,13.384910583496094,14.925171852111816,15.128955841064453,,10.177241325378418,11.00709056854248,9.124500274658203,30.668214797973633,13.371539115905762,,6.395519256591797,13.334539413452148,16.8336124420166,
2003-07-01,17.28580665588379,5.050856590270996,1.6916669607162476,22.586341857910156,13.0068998336792,,19.449434280395508,7.068879127502441,0.5862500071525574,1.1907598972320557,7.667004108428955,14.97916316986084,,16.454418182373047,16.009841918945312,18.800661087036133,14.414371490478516,11.939133644104004,13.147201538085938,1.4330347776412964,41.414649963378906,24.31038475036621,78.61579132080078,33.770137786865234,15.84096622467041,,,20.636842727661133,18.76311492919922,9.894055366516113,27.874595642089844,30.59807014465332,25.839723587036133,11.693717002868652,2.020303964614868,,15.670961380004883,7.030658721923828,21.216449737548828,16.03775978088379,10.090954780578613,14.216385841369629,14.217180252075195,15.5291166305542,,11.665544509887695,10.687625885009766,9.583711624145508,30.369714736938477,13.958767890930176,,6.786328315734863,13.223833084106445,16.678926467895508,
2003-08-01,18.605085372924805,5.357276916503906,2.061666965484619,25.63192367553711,13.193904876708984,,20.70627784729004,7.651822090148926,0.628125011920929,1.2320114374160767,7.427008152008057,15.287357330322266,,18.311124801635742,16.693416595458984,18.53428840637207,15.080263137817383,13.282418251037598,14.62742805480957,1.5286966562271118,43.1577033996582,26.38478660583496,81.73944091796875,34.336585998535156,16.346309661865234,,,21.419048309326172,20.760486602783203,10.147745132446289,27.34722328186035,31.236223220825195,26.860071182250977,11.57817554473877,2.2551631927490234,,17.431522369384766,7.792181968688965,22.878673553466797,17.003341674804688,10.26608943939209,15.217216491699219,14.63802433013916,16.739961624145508,,12.844473838806152,11.182802200317383,9.583711624145508,30.334409713745117,16.249935150146484,,7.200535774230957,14.729439735412598,17.79452896118164,
2003-09-01,16.763652801513672,5.48018217086792,2.190000057220459,23.53420066833496,13.314082145690918,,19.8443546295166,6.8212409019470215,0.6787499785423279,1.1163668632507324,6.8856072425842285,14.989449501037598,,17.34554672241211,15.529884338378906,17.992958068847656,14.239164352416992,12.570344924926758,13.364768028259277,1.4331873655319214,41.47148895263672,23.918197631835938,82.91423034667969,32.765480041503906,14.857718467712402,,,19.701656341552734,20.62204360961914,10.971634864807129,24.63544464111328,30.28687286376953,24.255094528198242,11.249800682067871,1.8542603254318237,,16.493209838867188,6.789976119995117,20.65180778503418,16.39742088317871,9.465373039245605,14.65403938293457,14.419448852539062,16.325197219848633,,11.5324068069458,11.00709056854248,9.182822227478027,30.837080001831055,15.489421844482422,,7.292555809020996,14.491338729858398,17.27533531188965,
2003-10-01,17.647432327270508,6.01592493057251,5.233333110809326,26.38599967956543,13.402629852294922,,21.22402572631836,7.277217864990234,0.7793750166893005,1.214455008506775,7.966543674468994,15.587356567382812,,19.724010467529297,17.132482528686523,19.746206283569336,15.348008155822754,14.287629127502441,14.584692001342773,1.6874202489852905,48.764251708984375,25.74964714050293,80.68904876708984,31.54581069946289,17.259765625,,,21.869258880615234,21.076276779174805,11.410014152526855,24.747556686401367,34.58412551879883,25.149677276611328,12.253166198730469,2.024723529815674,,18.883625030517578,7.218060493469238,23.548599243164062,19.395795822143555,9.720403671264648,16.059139251708984,14.47817325592041,18.43773078918457,,13.034379005432129,11.336724281311035,9.882148742675781,35.051788330078125,16.769777297973633,,7.039504528045654,14.352907180786133,17.265880584716797,
2003-11-01,17.876562118530273,6.047894477844238,6.537499904632568,26.434717178344727,13.639303207397461,,22.02630043029785,7.179527282714844,0.75,1.2973682880401611,8.686546325683594,15.908493041992188,,19.92249298095703,16.92365837097168,19.10781478881836,16.619497299194336,14.679595947265625,15.221795082092285,1.8851133584976196,46.794620513916016,24.879009246826172,79.74337005615234,32.00484848022461,16.8476619720459,,,23.222145080566406,23.165729522705078,11.917579650878906,24.641536712646484,34.80743408203125,26.171119689941406,13.070125579833984,2.012728214263916,,18.65072250366211,7.346399307250977,25.496416091918945,20.877470016479492,10.64018726348877,16.317646026611328,14.647807121276855,18.234355926513672,,13.495492935180664,11.728793144226074,10.052643775939941,35.29453659057617,17.828718185424805,,7.2053728103637695,16.285463333129883,17.20627784729004,
2003-12-01,18.589277267456055,6.178341388702393,6.864167213439941,29.016910552978516,15.767151832580566,,24.045021057128906,7.564392566680908,1.037500023841858,1.3758457899093628,9.320967674255371,18.30006980895996,,21.238052368164062,17.523191452026367,19.811317443847656,17.629619598388672,15.39083480834961,14.661199569702148,1.8877699375152588,43.483924865722656,27.807758331298828,86.73311614990234,32.786643981933594,18.969932556152344,,,25.021442413330078,26.76205062866211,11.665525436401367,27.5701961517334,37.445308685302734,27.01024055480957,14.437575340270996,2.1516239643096924,,18.04908561706543,7.9076690673828125,27.58749008178711,22.3530216217041,10.740339279174805,18.044612884521484,17.09128761291504,21.110830307006836,,14.694808006286621,13.433592796325684,11.018754959106445,36.15787124633789,18.541099548339844,,7.845340251922607,16.390666961669922,19.487770080566406,
2004-01-01,20.062902450561523,6.593129634857178,11.1274995803833,28.748369216918945,15.208036422729492,,22.729215621948242,7.841065883636475,1.053125023841858,1.208171010017395,8.377706527709961,18.291595458984375,,20.438159942626953,18.21531867980957,21.032339096069336,17.398191452026367,16.55534553527832,14.563874244689941,1.8175715208053589,43.34218978881836,28.225730895996094,94.15218353271484,33.3055305480957,20.496374130249023,,,23.288925170898438,27.01453971862793,14.963834762573242,26.079050064086914,34.8294563293457,27.323862075805664,13.61344051361084,1.9565380811691284,,18.244375228881836,7.308463096618652,25.496416091918945,20.450498580932617,10.455379486083984,18.191226959228516,15.463388442993164,21.11640739440918,,14.402546882629395,12.822247505187988,10.21312427520752,34.56702423095703,21.563894271850586,,7.4908223152160645,15.371786117553711,19.387958526611328,
2004-02-01,19.9221134185791,6.356291770935059,13.612500190734863,29.980323791503906,15.865764617919922,,22.03682518005371,7.679697513580322,1.2274999618530273,1.210894227027893,7.9965338706970215,18.872846603393555,,20.9703311920166,17.342802047729492,21.209766387939453,17.11804962158203,16.76588249206543,14.98043155670166,1.843667984008789,44.24409484863281,28.438751220703125,91.60025787353516,32.818687438964844,19.992286682128906,,,23.71237564086914,28.852527618408203,14.52426528930664,24.940671920776367,34.51294708251953,28.679506301879883,13.577595710754395,2.109323501586914,,15.601176261901855,7.743614673614502,26.129549026489258,19.22357940673828,10.995960235595703,17.60263442993164,16.177837371826172,21.590242385864258,,14.432193756103516,13.358078956604004,10.092597007751465,34.39187240600586,16.885297775268555,,7.302134990692139,15.884173393249512,20.168354034423828,
2004-03-01,19.775148391723633,6.581210613250732,19.587499618530273,28.390396118164062,16.510719299316406,,23.00267219543457,9.086607933044434,1.3581249713897705,1.1632732152938843,8.142576217651367,18.75109100341797,,22.722139358520508,17.15692710876465,20.8941707611084,16.416675567626953,16.09284019470215,15.323018074035645,2.0434865951538086,48.46064758300781,27.577434539794922,85.96676635742188,33.339622497558594,19.307817459106445,,,23.69957160949707,28.946731567382812,14.912402153015137,24.59577751159668,36.21601867675781,27.9164981842041,13.53470230102539,2.1339454650878906,,17.3292293548584,7.831642150878906,26.2830867767334,21.880542755126953,11.369443893432617,16.492311477661133,15.522107124328613,23.953580856323242,,14.68619155883789,13.359529495239258,9.533039093017578,34.007205963134766,17.10671043395996,,6.5604047775268555,16.820507049560547,19.890966415405273,
2004-04-01,20.627357482910156,6.801955223083496,16.174999237060547,29.5102481842041,17.05893325805664,,22.716520309448242,9.2980318069458,1.1843750476837158,1.1813231706619263,8.445884704589844,19.545738220214844,,22.3057918548584,17.714527130126953,19.83409309387207,16.498863220214844,17.006460189819336,15.653924942016602,2.0876381397247314,46.36517333984375,29.015321731567383,84.3612060546875,36.3957405090332,19.724210739135742,,,25.787446975708008,27.734304428100586,13.877382278442383,25.705923080444336,38.255313873291016,28.151926040649414,14.594691276550293,2.3517603874206543,,18.15217399597168,7.893118381500244,25.72020721435547,20.63094711303711,12.104443550109863,16.484670639038086,16.279001235961914,23.858158111572266,,14.013211250305176,13.376962661743164,9.391207695007324,34.158145904541016,16.55799102783203,,7.509449005126953,15.828435897827148,20.35010528564453,
2004-05-01,20.919275283813477,6.932859420776367,14.21500015258789,31.807981491088867,17.223663330078125,,22.020954132080078,9.103405952453613,1.53125,1.2175451517105103,8.487075805664062,19.464048385620117,,21.538667678833008,17.308977127075195,19.858444213867188,16.469945907592773,16.78651237487793,17.73257827758789,1.9700300693511963,47.44192123413086,29.63827896118164,87.65680694580078,37.96215057373047,19.333757400512695,,,26.885229110717773,31.10890769958496,14.2628812789917,26.819114685058594,37.568687438964844,29.387922286987305,14.895533561706543,2.6298670768737793,,18.318206787109375,7.825655937194824,25.938732147216797,21.476665496826172,12.11705207824707,16.238447189331055,16.757402420043945,24.441856384277344,,14.218518257141113,14.117389678955078,9.293996810913086,35.063255310058594,16.461721420288086,,7.601733207702637,16.133678436279297,20.818559646606445,
2004-06-01,19.780370712280273,7.948394298553467,21.614999771118164,35.48185348510742,17.408899307250977,,23.216245651245117,9.769282341003418,1.6687500476837158,1.2626250982284546,8.925189018249512,20.26284408569336,,23.0869083404541,18.704008102416992,20.052881240844727,17.532079696655273,18.624835968017578,19.281837463378906,2.1629984378814697,52.71973419189453,30.886327743530273,91.8116683959961,40.08860397338867,21.014705657958984,,,28.755205154418945,33.49673080444336,15.667560577392578,28.19415855407715,39.99003601074219,30.604707717895508,16.303319931030273,2.7918074131011963,,16.545480728149414,8.132791519165039,27.759485244750977,23.79178237915039,12.180678367614746,17.556934356689453,17.28598403930664,25.733184814453125,,14.873919486999512,14.417510986328125,9.522283554077148,36.74994659423828,17.222230911254883,,8.316272735595703,17.193923950195312,21.376920700073242,
2004-07-01,19.827604293823242,7.932960510253906,15.645000457763672,35.24571990966797,18.31557846069336,,21.588844299316406,10.852503776550293,1.390625,1.2059861421585083,7.856112480163574,20.59443473815918,,20.674196243286133,17.62885284423828,19.542457580566406,16.745820999145508,18.596057891845703,18.11111831665039,2.374235153198242,52.84235763549805,30.737014770507812,94.22032165527344,36.91636276245117,21.576923370361328,,,27.144855499267578,31.333675384521484,14.658035278320312,28.686792373657227,36.59127426147461,29.97780990600586,16.4078311920166,2.7482452392578125,,15.0580472946167,8.40906810760498,26.78841209411621,23.72835922241211,12.03757381439209,17.944623947143555,17.130319595336914,23.937850952148438,,14.9566650390625,14.608078956604004,9.02414608001709,35.18061065673828,19.09944725036621,,8.390030860900879,15.785874366760254,22.28668785095215,
2004-08-01,18.783802032470703,7.3439040184021,13.795000076293945,36.41344451904297,17.586259841918945,,21.35676383972168,10.566486358642578,1.3574999570846558,1.220620036125183,7.678244590759277,21.167957305908203,,20.825611114501953,16.827619552612305,19.792970657348633,17.286325454711914,17.43421173095703,19.035982131958008,2.3992793560028076,52.9133415222168,30.36996841430664,92.91685485839844,37.37952423095703,20.752859115600586,,,27.37575340270996,31.657114028930664,14.867973327636719,29.234912872314453,36.759464263916016,29.56729507446289,17.524620056152344,2.6620657444000244,,14.548108100891113,8.470893859863281,25.47089195251465,24.84670639038086,11.763994216918945,18.092010498046875,17.26313591003418,24.423389434814453,,14.210987091064453,14.704118728637695,9.147480964660645,35.85441970825195,14.141679763793945,,7.892232418060303,15.693748474121094,22.323495864868164,
2004-09-01,19.58258628845215,7.814737796783447,18.774999618530273,35.99505615234375,18.84054183959961,,23.633459091186523,11.602874755859375,1.1831250190734863,1.283236026763916,7.871092319488525,23.291257858276367,,21.343788146972656,17.3360652923584,21.382896423339844,17.18636131286621,18.318206787109375,20.175485610961914,2.201314687728882,55.347206115722656,31.757219314575195,95.71964263916016,40.34693908691406,20.68364143371582,,,28.026126861572266,31.003501892089844,17.00258445739746,30.322118759155273,35.6927375793457,30.529016494750977,18.351486206054688,2.7283565998077393,,14.783469200134277,9.727659225463867,27.5743350982666,24.655576705932617,12.57780647277832,17.989910125732422,17.573055267333984,24.167661666870117,,14.85804271697998,15.331355094909668,9.435235977172852,37.26304244995117,15.296884536743164,,8.621026992797852,15.439617156982422,23.403348922729492,
2004-10-01,20.56361198425293,8.484870910644531,20.450000762939453,34.79568099975586,19.076332092285156,,23.780576705932617,11.004594802856445,1.1612499952316284,1.4107866287231445,8.077042579650879,23.039419174194336,,19.76656723022461,17.514461517333984,21.21254539489746,17.786174774169922,18.474210739135742,22.28279685974121,2.110739231109619,58.85444259643555,31.875844955444336,97.2589111328125,41.00480651855469,19.426240921020508,,,27.758434295654297,31.49898910522461,19.042030334472656,29.94703483581543,34.62155532836914,29.62453269958496,20.94933319091797,2.654489278793335,,16.142183303833008,9.754400253295898,33.08824920654297,26.56049156188965,13.017352104187012,17.882015228271484,18.472137451171875,25.298480987548828,,14.960773468017578,15.64797306060791,10.138854026794434,38.86311721801758,14.873311042785645,,9.34982967376709,16.083404541015625,23.834331512451172,
2004-11-01,21.57781410217285,8.423009872436523,27.440000534057617,37.498836517333984,20.236351013183594,,27.031448364257812,12.552207946777344,1.350000023841858,1.4777241945266724,8.372864723205566,23.88850212097168,,23.717897415161133,18.111831665039062,22.429927825927734,18.66945457458496,19.55302619934082,20.827085494995117,2.3373682498931885,61.37990188598633,33.82359313964844,100.79351806640625,43.443477630615234,20.48569679260254,,,28.34500503540039,34.35056686401367,20.520870208740234,33.21220397949219,35.68021774291992,32.37751007080078,21.24632453918457,2.968899726867676,,16.324337005615234,11.019548416137695,35.13189697265625,30.247783660888672,13.308971405029297,18.866844177246094,19.500640869140625,26.730607986450195,,16.323209762573242,16.684814453125,10.214527130126953,41.440982818603516,17.202980041503906,,9.492679595947266,16.94104766845703,24.95160675048828,
2004-12-01,21.090717315673828,9.210447311401367,31.649999618530273,36.23884201049805,19.263282775878906,,28.79122543334961,13.209615707397461,1.6449999809265137,1.5532968044281006,8.211846351623535,22.97408103942871,,24.693653106689453,18.778987884521484,22.819730758666992,19.585880279541016,20.991941452026367,21.85163688659668,2.352654457092285,63.659732818603516,32.649940490722656,104.66258239746094,46.78635787963867,20.532085418701172,,,27.96259307861328,36.2403450012207,19.1567325592041,30.324420928955078,36.79201889038086,31.245187759399414,22.397443771362305,3.2956204414367676,,16.777246475219727,11.647080421447754,35.57340621948242,31.686628341674805,14.226269721984863,19.98246955871582,19.541505813598633,28.005403518676758,,17.61292266845703,16.72134780883789,10.879129409790039,42.086097717285156,18.194536209106445,,9.838789939880371,17.014928817749023,24.956485748291016,
2005-01-01,20.676979064941406,9.863728523254395,17.979999542236328,35.41983413696289,19.665712356567383,,26.423681259155273,12.24478530883789,1.4362499713897705,1.5490338802337646,8.144444465637207,23.801002502441406,,23.04408836364746,17.149141311645508,22.98214340209961,18.78679084777832,19.72418975830078,21.95330238342285,2.298003911972046,61.824092864990234,32.34326171875,103.60165405273438,42.986961364746094,20.862600326538086,,,26.24284553527832,36.645938873291016,20.08063316345215,31.558141708374023,37.81861877441406,29.819717407226562,21.6114559173584,3.3477060794830322,,15.074190139770508,10.225929260253906,30.604217529296875,36.226993560791016,13.984498023986816,19.466230392456055,19.91271209716797,27.187936782836914,,16.31443214416504,16.37273406982422,9.64157485961914,36.77732849121094,16.375080108642578,,8.60201644897461,16.48072624206543,25.122013092041016,
2005-02-01,20.42969512939453,9.899883270263672,13.010000228881836,38.659488677978516,21.590200424194336,,28.188215255737305,11.620073318481445,1.4562499523162842,1.6050496101379395,8.25579833984375,27.34922218322754,,23.60169219970703,17.38846206665039,24.703292846679688,18.642364501953125,20.327571868896484,21.69129753112793,2.24605393409729,63.20082092285156,33.00107955932617,101.56838989257812,44.231834411621094,22.133230209350586,,,27.07857322692871,33.94868087768555,20.67898178100586,32.46486282348633,37.81927490234375,30.540651321411133,22.281646728515625,3.3268725872039795,,15.786123275756836,10.921624183654785,30.9976863861084,39.8536491394043,13.450064659118652,19.394580841064453,21.975933074951172,26.439069747924805,,18.53687858581543,18.14626121520996,10.264394760131836,38.32148361206055,18.213787078857422,,8.500654220581055,16.73084831237793,30.974109649658203,
2005-03-01,21.452903747558594,10.408310890197754,12.0,41.11393356323242,20.752138137817383,,27.117650985717773,11.135714530944824,1.472499966621399,1.6182595491409302,7.790024280548096,25.68836784362793,,22.38260841369629,16.99275779724121,24.947145462036133,18.251636505126953,19.05984115600586,20.94049072265625,2.1246466636657715,60.767494201660156,33.53361511230469,104.04987335205078,43.87251281738281,21.69021987915039,,,27.09581184387207,34.374881744384766,20.280807495117188,33.473567962646484,38.607730865478516,31.16415786743164,23.00181007385254,2.9499592781066895,,16.226131439208984,10.505138397216797,28.698776245117188,36.32035446166992,14.252371788024902,19.74021339416504,20.91353416442871,26.032915115356445,,17.5247802734375,17.846349716186523,11.3280668258667,35.97243881225586,19.455636978149414,,9.461074829101562,16.50769805908203,29.159032821655273,
2005-04-01,20.732240676879883,9.792863845825195,8.640000343322754,41.85942459106445,20.253284454345703,,26.234451293945312,10.763731956481934,1.3550000190734863,1.5592023134231567,7.277098178863525,22.908512115478516,,20.852205276489258,16.349746704101562,27.35326385498047,17.616361618041992,17.092653274536133,19.20424461364746,2.056257724761963,54.94622039794922,33.029380798339844,104.45388793945312,38.954742431640625,20.84499168395996,,,25.367712020874023,31.842525482177734,17.516658782958984,33.41325378417969,34.45365524291992,31.660655975341797,19.494110107421875,2.6611201763153076,,15.192344665527344,9.853553771972656,28.237106323242188,29.64495277404785,14.729151725769043,19.751876831054688,20.497682571411133,24.744779586791992,,16.913110733032227,16.884246826171875,10.390290260314941,35.265262603759766,17.703569412231445,,9.234827041625977,16.301708221435547,27.90164566040039,
2005-05-01,20.904056549072266,9.885958671569824,11.34000015258789,45.12461471557617,20.188016891479492,,28.04003143310547,10.805879592895508,1.549375057220459,1.6193890571594238,7.612761497497559,23.905654907226562,,22.05586051940918,17.10305404663086,28.23053741455078,18.801815032958984,17.533233642578125,19.992855072021484,2.2329916954040527,57.837467193603516,33.95063018798828,105.2618179321289,38.485111236572266,21.23986053466797,,,25.55231475830078,29.42203712463379,17.889135360717773,35.70985794067383,34.72415542602539,32.32085418701172,19.885656356811523,2.8865087032318115,,14.338399887084961,10.299437522888184,28.518062591552734,33.0943489074707,15.103768348693848,20.806364059448242,20.613807678222656,25.65337371826172,,17.086387634277344,17.231685638427734,10.882743835449219,36.5859489440918,19.330488204956055,,9.562908172607422,16.98895835876465,27.635616302490234,
2005-06-01,20.101957321166992,10.838491439819336,10.039999961853027,46.60757827758789,20.919076919555664,,28.397571563720703,11.865005493164062,1.4887499809265137,1.661450982093811,7.278981685638428,24.856908798217773,,21.939863204956055,16.430130004882812,29.06060218811035,17.715618133544922,17.547882080078125,19.534015655517578,2.353247880935669,52.444461822509766,34.56540298461914,100.60099029541016,38.768150329589844,21.474363327026367,,,24.199434280395508,29.795886993408203,19.426589965820312,35.6988639831543,32.753509521484375,32.048221588134766,19.287572860717773,2.5408480167388916,,16.14558982849121,9.899103164672852,29.312204360961914,31.380687713623047,15.381085395812988,20.026376724243164,22.8377628326416,26.352519989013672,,15.74878215789795,18.10884666442871,10.579319953918457,34.35554122924805,19.455636978149414,,9.92324161529541,16.326452255249023,28.260133743286133,
2005-07-01,21.2706241607666,10.670150756835938,9.720000267028809,46.61465072631836,22.092790603637695,,32.276023864746094,13.587262153625488,1.528749942779541,1.7736165523529053,8.359516143798828,25.78592872619629,,24.63335418701172,18.63405990600586,29.622135162353516,18.61229705810547,19.141542434692383,21.588987350463867,2.521912097930908,54.43841552734375,36.34824752807617,100.16549682617188,44.096229553222656,23.027925491333008,,,26.012563705444336,31.091815948486328,23.074129104614258,34.33958053588867,33.976661682128906,32.16422653198242,23.18123435974121,3.1365222930908203,,17.39708137512207,10.513423919677734,31.06592559814453,33.18453598022461,15.483597755432129,19.772869110107422,21.56391143798828,28.314199447631836,,17.254140853881836,19.371889114379883,11.478887557983398,36.24815368652344,17.90573501586914,,11.286072731018066,16.199716567993164,28.889556884765625,
2005-08-01,20.47554588317871,10.43447494506836,8.649999618530273,47.50479507446289,23.107648849487305,,33.221981048583984,13.799070358276367,1.543125033378601,1.7147125005722046,7.778707504272461,27.49586296081543,,21.90302085876465,18.46006202697754,26.919973373413086,19.146974563598633,18.812517166137695,21.769386291503906,2.3392014503479004,52.72282791137695,36.1589241027832,97.5815200805664,45.68742752075195,22.563905715942383,,,25.59648895263672,28.39792823791504,24.032699584960938,34.38871383666992,32.42255783081055,32.688011169433594,22.26171875,3.028562545776367,,17.008384704589844,10.232290267944336,30.569021224975586,33.67290115356445,15.475056648254395,19.58361053466797,23.059919357299805,26.474040985107422,,17.644287109375,20.43191909790039,11.145835876464844,35.376373291015625,17.376258850097656,,12.01621150970459,15.918438911437988,29.59941864013672,
2005-09-01,20.689346313476562,11.145262718200684,6.170000076293945,48.16399383544922,23.942346572875977,,35.173744201660156,14.041635513305664,1.4918750524520874,1.8142457008361816,7.740991592407227,28.987085342407227,,20.605989456176758,18.500871658325195,28.468042373657227,20.43330955505371,18.703622817993164,22.267444610595703,2.3588950634002686,56.46208953857422,37.72406005859375,98.4009780883789,44.692996978759766,22.1041316986084,,,25.10768699645996,28.519620895385742,26.07292938232422,33.72569274902344,33.42964172363281,31.673974990844727,25.35622215270996,3.1715610027313232,,18.48346710205078,9.912532806396484,30.507349014282227,34.22937774658203,15.135111808776855,20.304283142089844,23.301311492919922,27.183876037597656,,16.944011688232422,21.048723220825195,11.757802963256836,34.49806594848633,18.974300384521484,,12.607780456542969,16.60323143005371,31.398094177246094,
2005-10-01,22.429487228393555,10.5642728805542,6.150000095367432,45.81782531738281,22.438552856445312,,31.628381729125977,13.62353515625,1.4600000381469727,1.7880938053131104,7.644819736480713,25.55681610107422,,20.430912017822266,17.679927825927734,28.085092544555664,19.79298973083496,17.314470291137695,23.792987823486328,2.7079596519470215,59.57260513305664,36.82052993774414,99.10236358642578,47.576873779296875,20.15897560119629,,,25.848743438720703,27.024511337280273,25.636301040649414,33.46049118041992,34.62356185913086,31.266021728515625,25.13117790222168,3.3514955043792725,,19.397371292114258,10.22352409362793,29.73410415649414,34.391136169433594,15.160845756530762,20.08494758605957,22.023353576660156,27.911800384521484,,16.748992919921875,19.529966354370117,11.344568252563477,36.399383544921875,18.839523315429688,,12.570806503295898,17.125537872314453,27.74142074584961,
2005-11-01,22.59291648864746,11.051887512207031,6.099999904632568,48.51876449584961,22.43012809753418,,34.749752044677734,14.251919746398926,1.5737500190734863,1.9036847352981567,8.433059692382812,25.869646072387695,,23.3500919342041,18.422204971313477,31.239421844482422,21.653108596801758,18.850322723388672,27.90269660949707,3.065906286239624,63.259864807128906,36.187320709228516,104.39212036132812,50.06514358520508,21.66034507751465,,,26.919164657592773,29.20572280883789,27.857215881347656,33.649803161621094,35.953369140625,33.5874137878418,27.745847702026367,3.6090848445892334,,21.223995208740234,10.524542808532715,32.564666748046875,36.661190032958984,15.37528133392334,21.174856185913086,22.0742130279541,27.952579498291016,,17.63803482055664,19.600255966186523,12.551506996154785,39.036041259765625,20.370176315307617,,11.941893577575684,17.473371505737305,28.821733474731445,
2005-12-01,22.15134620666504,11.049286842346191,6.960000038146973,49.977386474609375,21.87823486328125,,34.743709564208984,14.368813514709473,1.441249966621399,1.98704993724823,7.756076812744141,25.62588119506836,,23.06296157836914,18.440420150756836,31.011032104492188,21.392499923706055,19.847274780273438,26.531139373779297,3.0218873023986816,67.0538558959961,36.108192443847656,103.16425323486328,50.68532180786133,22.081222534179688,,,26.933609008789062,29.65591812133789,26.876140594482422,35.332305908203125,35.50440979003906,35.19154357910156,28.11588478088379,3.8297386169433594,,19.077077865600586,10.432173728942871,31.398408889770508,38.4348030090332,16.16412925720215,21.988967895507812,22.027633666992188,28.145307540893555,,17.967384338378906,19.869054794311523,13.25497817993164,37.65800476074219,22.51694107055664,,12.43658447265625,17.730426788330078,27.897933959960938,
2006-01-01,21.205446243286133,10.685650825500488,9.4399995803833,48.60414123535156,24.63431167602539,,40.99883270263672,15.581032752990723,1.574375033378601,2.095072031021118,8.033282279968262,26.804027557373047,,24.29890251159668,20.91796875,31.255735397338867,22.180042266845703,19.583982467651367,28.900911331176758,2.946204662322998,65.60107421875,36.96715545654297,96.39456176757812,50.564144134521484,22.774778366088867,,,25.801021575927734,26.768434524536133,29.013235092163086,37.56449890136719,33.328346252441406,36.374176025390625,31.257976531982422,4.054182052612305,,18.270200729370117,10.48792552947998,36.06819534301758,42.92403793334961,16.293270111083984,22.956466674804688,24.399131774902344,28.731176376342773,,17.477807998657227,21.744354248046875,14.563847541809082,37.53773498535156,28.215967178344727,,14.595648765563965,18.448997497558594,31.166013717651367,
2006-02-01,22.291305541992188,11.127206802368164,9.5600004196167,51.938385009765625,22.813331604003906,,44.1265983581543,17.3892765045166,1.6150000095367432,2.172651529312134,7.813961982727051,25.69922637939453,,25.826045989990234,21.910749435424805,29.918195724487305,23.55296516418457,20.71961784362793,30.57114028930664,3.4075303077697754,69.55074310302734,39.162445068359375,97.4721450805664,52.95894241333008,24.40634536743164,,,26.275482177734375,26.501251220703125,28.54457664489746,40.626495361328125,33.92635726928711,37.67622756958008,32.2017707824707,3.744506597518921,,20.12989616394043,10.566434860229492,37.321495056152344,44.43489456176758,16.732349395751953,23.095001220703125,21.858287811279297,29.37564468383789,,18.337072372436523,19.82660484313965,14.578664779663086,37.62489700317383,31.383167266845703,,15.275589942932129,19.430450439453125,29.643943786621094,
2006-03-01,22.134578704833984,11.693977355957031,10.59000015258789,55.68246841430664,23.678871154785156,,43.3597526550293,16.878576278686523,1.7156250476837158,2.346055030822754,8.104914665222168,26.377199172973633,,26.90035057067871,22.194120407104492,30.408138275146484,24.076936721801758,21.70102310180664,33.95090866088867,3.6737060546875,73.30000305175781,40.65243148803711,103.1360092163086,53.895957946777344,25.491079330444336,,,29.581172943115234,27.722719192504883,29.601150512695312,41.88648223876953,34.894508361816406,40.13898849487305,34.02011489868164,3.8283185958862305,,20.93910789489746,10.658683776855469,38.48646926879883,46.87272644042969,18.360578536987305,22.885753631591797,22.501609802246094,29.84910011291504,9.35326099395752,18.676738739013672,20.70688247680664,15.420425415039062,39.97678756713867,33.212249755859375,,15.076723098754883,20.757720947265625,30.387910842895508,
2006-04-01,21.359291076660156,12.815004348754883,10.699999809265137,59.62661361694336,25.32065773010254,,45.877960205078125,16.782222747802734,1.678125023841858,2.6869781017303467,7.98321008682251,27.765010833740234,,29.871122360229492,22.738021850585938,31.469636917114258,24.45697021484375,22.795440673828125,33.64436721801758,3.6325769424438477,74.72132110595703,41.84232711791992,102.57262420654297,55.01895523071289,25.330150604248047,,,31.543853759765625,27.176095962524414,29.150453567504883,42.315757751464844,39.38481903076172,39.321998596191406,33.9760627746582,4.574094772338867,,20.382341384887695,10.877969741821289,38.696537017822266,47.231201171875,19.00844383239746,24.796533584594727,24.62311363220215,30.785938262939453,8.982762336730957,19.552696228027344,21.69562339782715,15.066920280456543,40.827877044677734,34.33856964111328,,16.894262313842773,22.027875900268555,31.496362686157227,
2006-05-01,22.032825469970703,11.868246078491211,9.319999694824219,59.687225341796875,24.46396827697754,,44.1879768371582,17.746482849121094,1.715000033378601,2.6305127143859863,8.055475234985352,27.439163208007812,,29.129297256469727,22.400476455688477,29.493755340576172,23.878978729248047,21.96986198425293,38.77692413330078,3.336911201477051,70.91810607910156,40.57979202270508,101.593994140625,51.80527114868164,24.67295265197754,,,30.499536514282227,27.959936141967773,25.536928176879883,40.58293914794922,38.77438735961914,38.191463470458984,33.29186248779297,4.376641750335693,,18.5252628326416,11.66704273223877,37.35441589355469,44.639217376708984,17.62200927734375,24.78277587890625,24.185802459716797,28.605876922607422,9.149849891662598,19.555818557739258,21.49966049194336,15.379528999328613,40.75292205810547,31.363916397094727,,16.176868438720703,21.533924102783203,30.565847396850586,
2006-06-01,22.063995361328125,12.340232849121094,7.909999847412109,58.72650146484375,24.086795806884766,,45.11474609375,19.68520736694336,1.534999966621399,2.7688794136047363,7.561038970947266,28.480911254882812,,28.550668716430664,22.671072006225586,28.071382522583008,24.252273559570312,22.525545120239258,44.12181091308594,3.1266086101531982,75.90750885009766,41.74030685424805,98.4701919555664,54.00929641723633,24.145708084106445,,,29.384920120239258,28.46828842163086,26.032360076904297,40.163055419921875,37.43495559692383,37.82538986206055,33.582130432128906,5.339757919311523,,19.67080307006836,12.506580352783203,37.15333938598633,47.077754974365234,17.484859466552734,25.139549255371094,24.43016815185547,27.984973907470703,8.69943904876709,19.183622360229492,21.601863861083984,15.40605354309082,41.65346908569336,30.786304473876953,,17.30097007751465,21.2263126373291,30.786653518676758,
2006-07-01,21.290420532226562,11.048391342163086,7.21999979019165,55.507328033447266,25.09372329711914,,43.1150016784668,18.839834213256836,1.6649999618530273,2.3852291107177734,6.712894439697266,30.188119888305664,,24.8164119720459,21.620773315429688,26.387428283691406,22.837244033813477,19.149696350097656,35.818931579589844,2.7603228092193604,68.01537322998047,42.88633346557617,97.66353607177734,44.575801849365234,23.187061309814453,,,28.289947509765625,27.008649826049805,28.565988540649414,44.60819625854492,32.62871170043945,39.08306884765625,27.39826774597168,4.62807559967041,,17.330551147460938,12.259119033813477,34.58705139160156,40.52047348022461,17.406850814819336,24.651975631713867,25.823469161987305,26.88855743408203,9.298774719238281,16.053625106811523,22.4953556060791,14.086854934692383,34.863868713378906,26.877853393554688,,12.286463737487793,20.338918685913086,33.993289947509766,
2006-08-01,22.964073181152344,11.168196678161621,7.769999980926514,53.90752410888672,23.74675750732422,,40.36518859863281,18.544832229614258,1.7543749809265137,2.3836286067962646,7.041884899139404,29.786481857299805,,26.707469940185547,22.386411666870117,26.01885414123535,23.90592384338379,19.98779296875,31.360279083251953,2.8618323802948,65.6250228881836,43.22547149658203,101.75647735595703,48.18404006958008,23.33749008178711,,,27.15785026550293,27.070755004882812,27.54375648498535,46.41053771972656,33.447021484375,39.62937927246094,27.078685760498047,4.534319877624512,,18.228008270263672,12.493907928466797,35.57719421386719,36.99762725830078,16.808706283569336,24.966516494750977,25.370277404785156,27.99091911315918,8.219971656799316,17.132179260253906,22.23159408569336,13.365931510925293,35.62832260131836,20.85151481628418,,13.054906845092773,20.412229537963867,34.1157112121582,
2006-09-01,23.122190475463867,11.358502388000488,7.659999847412109,56.750423431396484,22.884830474853516,,40.03057861328125,19.25710678100586,1.761875033378601,2.5894947052001953,7.764518737792969,29.999223709106445,,28.830047607421875,21.843095779418945,30.045679092407227,24.403535842895508,20.694129943847656,35.117835998535156,3.0108518600463867,70.65723419189453,45.86186981201172,106.2193374633789,48.34273147583008,24.651412963867188,,,27.90566635131836,28.975543975830078,27.971281051635742,48.35460662841797,34.715877532958984,40.376766204833984,27.915193557739258,4.26584005355835,,18.684341430664062,13.030966758728027,37.34526824951172,38.1263313293457,17.49886131286621,25.221302032470703,24.325138092041016,29.729724884033203,8.870161056518555,17.114160537719727,21.7403507232666,14.6384859085083,36.589599609375,22.382165908813477,,12.555110931396484,21.841331481933594,33.82833480834961,
2006-10-01,24.147905349731445,12.174863815307617,9.3100004196167,57.47734832763672,23.415245056152344,,37.0951042175293,20.508817672729492,1.8081250190734863,2.8135013580322266,7.8729143142700195,31.081531524658203,,29.249217987060547,21.870716094970703,31.12604522705078,24.560680389404297,21.770164489746094,37.34717559814453,3.1395883560180664,74.46707916259766,45.63871383666992,105.64762878417969,52.49751663208008,25.386735916137695,,,29.788841247558594,30.575021743774414,26.783029556274414,48.84345245361328,36.77773666381836,39.3802490234375,33.3144416809082,3.929175853729248,,20.124975204467773,13.531452178955078,40.17988967895508,40.685604095458984,17.847015380859375,26.164859771728516,25.620513916015625,28.417699813842773,8.72486686706543,16.54188346862793,22.465675354003906,15.07597827911377,38.323974609375,22.805742263793945,,14.526532173156738,22.317689895629883,36.00626754760742,
2006-11-01,23.55689811706543,12.757783889770508,8.479999542236328,63.94345474243164,23.964784622192383,,37.90164566040039,19.42716407775879,1.888124942779541,2.836270809173584,8.025044441223145,33.698631286621094,,32.983978271484375,23.246578216552734,31.126224517822266,25.382009506225586,23.29499626159668,35.70804977416992,2.807997226715088,75.04568481445312,48.03941345214844,106.1591796875,52.40385055541992,26.04144859313965,,,29.335134506225586,31.468482971191406,26.544790267944336,51.02043151855469,38.21595764160156,39.87994384765625,31.31774139404297,3.8084311485290527,,20.08930206298828,14.96943187713623,40.2318229675293,42.90055847167969,18.051555633544922,25.795289993286133,26.37787437438965,30.42749786376953,8.870161056518555,17.663137435913086,23.933393478393555,15.107600212097168,39.8214111328125,24.124605178833008,,15.207100868225098,21.92978858947754,38.8914909362793,
2006-12-01,24.170791625976562,12.479669570922852,7.610000133514404,64.16736602783203,23.619821548461914,,37.47392272949219,19.145278930664062,1.875,2.7231686115264893,7.55153226852417,34.262454986572266,,32.815303802490234,22.655017852783203,33.26468276977539,25.815290451049805,22.708688735961914,31.980884552001953,2.799415111541748,70.67269897460938,47.7248649597168,112.79447174072266,50.65125274658203,27.410778045654297,,,28.838354110717773,31.685230255126953,28.908672332763672,51.934207916259766,36.55989074707031,40.3387565612793,31.97908592224121,3.419206380844116,,20.15557289123535,15.327695846557617,37.05107498168945,40.263763427734375,17.768054962158203,24.991798400878906,26.288738250732422,30.167497634887695,9.629317283630371,17.717464447021484,24.087467193603516,15.357942581176758,38.31889724731445,24.48079490661621,,14.063674926757812,22.0256290435791,38.800357818603516,
2007-01-01,23.41990089416504,13.58497142791748,7.75,64.68743133544922,22.356098175048828,,39.345130920410156,21.798866271972656,1.840000033378601,2.909827470779419,7.825371265411377,33.95957565307617,,34.6136589050293,22.923072814941406,34.02665328979492,26.330547332763672,23.678810119628906,33.7102165222168,2.90864634513855,71.83082580566406,50.309329986572266,109.27816772460938,56.23492431640625,27.68343734741211,,,31.835206985473633,33.2277946472168,32.0352897644043,54.822265625,34.856929779052734,42.2692985534668,31.718894958496094,3.946221351623535,,20.502788543701172,15.785873413085938,39.88484573364258,40.349456787109375,18.895212173461914,27.190387725830078,25.345487594604492,34.348594665527344,11.568984985351562,19.415414810180664,22.79132843017578,16.856689453125,36.93905258178711,24.788850784301758,,14.82287311553955,22.750438690185547,37.51933670043945,
2007-02-01,24.416183471679688,13.388994216918945,7.940000057220459,63.269554138183594,21.88056755065918,,39.566226959228516,21.86208724975586,1.8406250476837158,2.9845521450042725,7.751951217651367,32.157569885253906,,37.37846755981445,22.169618606567383,31.723499298095703,25.35577392578125,24.614778518676758,35.41587448120117,2.7672483921051025,74.32276916503906,49.169891357421875,106.65409851074219,56.1812629699707,28.260225296020508,,,32.241031646728516,32.1334228515625,30.95107078552246,55.05161666870117,34.97292709350586,42.8115119934082,30.294260025024414,4.419256210327148,,20.82049560546875,16.458850860595703,39.82145309448242,41.08604431152344,18.388423919677734,26.342884063720703,24.374135971069336,33.33481216430664,11.587146759033203,19.688404083251953,22.546825408935547,16.508413314819336,36.07290267944336,27.493967056274414,,14.883171081542969,20.396324157714844,36.44859313964844,
2007-03-01,23.866117477416992,13.56180191040039,8.029999732971191,64.46592712402344,23.021886825561523,,41.162864685058594,23.505809783935547,1.7506250143051147,3.177333354949951,6.930300235748291,34.710628509521484,,37.651771545410156,22.642797470092773,29.89456558227539,25.37932777404785,25.392728805541992,32.62840270996094,2.7499873638153076,69.95446014404297,49.18276596069336,108.02889251708984,56.1448974609375,28.053146362304688,,,32.34657669067383,32.98979187011719,32.19071578979492,54.91578674316406,36.08237075805664,44.45257568359375,32.32579803466797,4.092535972595215,,19.406164169311523,17.38494300842285,41.726219177246094,39.642578125,18.277729034423828,26.086027145385742,24.857797622680664,33.393028259277344,13.214432716369629,19.720232009887695,23.370737075805664,17.00578498840332,36.02663803100586,26.473526000976562,,15.971405029296875,20.759506225585938,38.3656005859375,
2007-04-01,24.43399429321289,14.244998931884766,8.630000114440918,67.43147277832031,23.935659408569336,,44.78936004638672,29.93775177001953,1.8112499713897705,3.4248549938201904,7.193305492401123,36.50811767578125,,37.91517639160156,22.32270050048828,32.64208984375,27.676372528076172,27.10968589782715,33.0074462890625,3.2262322902679443,68.65861511230469,50.722293853759766,112.61162567138672,60.05558395385742,32.99867248535156,,,32.16480255126953,34.11908721923828,32.44343566894531,54.41768264770508,39.07544708251953,44.10520553588867,34.01874542236328,4.199075698852539,,19.121990203857422,19.890836715698242,44.544715881347656,39.42406463623047,18.349998474121094,26.940858840942383,26.001317977905273,35.154354095458984,13.75564956665039,20.302236557006836,24.680274963378906,19.132553100585938,36.19624710083008,32.249568939208984,,17.203170776367188,22.569393157958984,40.36393356323242,
2007-05-01,27.130691528320312,14.818253517150879,10.539999961853027,73.20671844482422,24.04346466064453,,48.465274810791016,30.67263412475586,1.949375033378601,3.6146349906921387,7.364161014556885,38.5213508605957,16.3331356048584,41.75175094604492,23.305694580078125,34.53800582885742,28.697948455810547,28.6214656829834,34.5882682800293,3.400411605834961,72.68283081054688,51.8465690612793,114.81121826171875,64.26876831054688,35.423126220703125,,,33.048675537109375,34.9904670715332,31.610595703125,55.72551727294922,41.758235931396484,45.5076904296875,37.13178253173828,4.436304569244385,,20.82286834716797,20.730592727661133,49.135799407958984,45.26327133178711,19.893949508666992,28.42333984375,28.138654708862305,38.140174865722656,13.421475410461426,23.430774688720703,25.71963882446289,20.269834518432617,37.20674133300781,32.297706604003906,,18.13871955871582,23.473779678344727,42.47369384765625,
2007-06-01,26.586505889892578,15.604573249816895,13.960000038146973,69.98268127441406,25.884132385253906,,48.2925910949707,32.94468688964844,1.9118750095367432,3.585998773574829,7.569577217102051,39.82130813598633,16.89044189453125,41.99859619140625,23.81789779663086,36.501983642578125,27.720609664916992,28.3955135345459,32.7186393737793,3.2842938899993896,72.32576751708984,50.541358947753906,117.79400634765625,67.91831970214844,34.426063537597656,,,34.10243225097656,35.44146728515625,34.54243850708008,53.47035217285156,41.20280075073242,46.86793899536133,33.725250244140625,4.282886981964111,,20.16313934326172,20.67597007751465,47.46334457397461,46.187835693359375,20.202211380004883,28.576435089111328,30.75177001953125,36.78892135620117,14.69642162322998,25.023866653442383,27.604724884033203,19.340999603271484,37.73922348022461,31.325407028198242,,16.920513153076172,23.704452514648438,42.836280822753906,
2007-07-01,25.46204948425293,15.345023155212402,15.270000457763672,75.27359008789062,24.9010066986084,,48.80416488647461,38.63783264160156,1.7587499618530273,3.7713418006896973,7.018608570098877,40.30347442626953,15.278560638427734,41.88727569580078,23.748058319091797,33.24787139892578,27.88053321838379,29.671804428100586,35.39634704589844,3.536146402359009,72.17584228515625,50.95000457763672,119.27104187011719,63.765132904052734,35.17844772338867,,,34.64363479614258,14.622464179992676,34.75140380859375,55.941375732421875,42.2140007019043,45.8026237487793,34.501487731933594,4.099637985229492,,21.48287010192871,19.435976028442383,47.83661651611328,46.55366134643555,21.065948486328125,29.398311614990234,29.384626388549805,33.5343017578125,14.965218544006348,22.969738006591797,26.796831130981445,20.01116943359375,39.145381927490234,30.94033432006836,,18.916881561279297,23.085283279418945,43.47465133666992,
2007-08-01,25.089054107666016,15.726479530334473,14.3100004196167,70.6150894165039,24.402233123779297,,46.92753219604492,38.632896423339844,1.8337500095367432,3.27343487739563,7.035887241363525,41.77915573120117,14.472617149353027,47.32752227783203,23.100238800048828,31.686655044555664,29.324085235595703,28.89382553100586,34.99230194091797,3.5967066287994385,71.48499298095703,50.95000457763672,119.60958862304688,67.13710021972656,34.50419616699219,,,36.60708999633789,13.654650688171387,38.51908874511719,56.514644622802734,43.43239974975586,47.680389404296875,33.01237487792969,4.091116428375244,,23.066307067871094,20.385021209716797,52.25674057006836,47.06138610839844,20.49891471862793,30.199880599975586,29.568134307861328,34.38885498046875,14.7654390335083,23.793066024780273,25.596921920776367,18.79977798461914,39.2177619934082,31.383167266845703,,17.360530853271484,23.013763427734375,43.95610427856445,
2007-09-01,25.324108123779297,17.02231788635254,15.6899995803833,76.66885375976562,25.12314224243164,,48.57498550415039,41.72234344482422,2.1493749618530273,3.411557912826538,7.1222710609436035,44.54983901977539,15.390013694763184,51.80910110473633,23.825054168701172,31.35761833190918,31.700733184814453,30.37193489074707,37.47195816040039,3.580937623977661,68.33396911621094,54.782962799072266,128.25450134277344,66.829345703125,36.54431915283203,,,37.71461868286133,13.756319999694824,36.684547424316406,61.844600677490234,44.66867446899414,47.17237854003906,33.463619232177734,3.405001640319824,,21.28558921813965,20.313535690307617,54.376731872558594,46.42683029174805,21.679306030273438,32.56714630126953,31.41445541381836,34.20558166503906,16.6033992767334,24.95683479309082,27.62177085876465,19.050840377807617,39.042457580566406,30.969215393066406,,17.355892181396484,23.056537628173828,47.45802688598633,
2007-10-01,27.325559616088867,18.51108741760254,16.649999618530273,71.99530029296875,28.253110885620117,,46.425785064697266,39.13529968261719,2.398750066757202,3.574430227279663,7.024366855621338,43.56439208984375,17.833568572998047,54.071083068847656,21.510353088378906,31.670207977294922,31.134870529174805,28.390888214111328,40.125892639160156,3.507598876953125,67.41413116455078,59.19798278808594,127.51097106933594,65.89857482910156,37.121978759765625,,,36.20958709716797,12.772838592529297,38.44291687011719,62.728187561035156,41.22233963012695,50.57120132446289,33.46595764160156,3.2089693546295166,,21.849985122680664,19.85841941833496,58.619239807128906,46.00605392456055,22.660215377807617,30.993022918701172,33.73204803466797,35.07091522216797,16.534385681152344,23.069156646728516,27.478586196899414,21.574996948242188,39.042457580566406,32.913818359375,,17.388330459594727,22.231769561767578,47.1657600402832,
2007-11-01,24.844417572021484,17.32953643798828,14.010000228881836,67.82023620605469,26.567907333374023,,44.7395133972168,38.21746063232422,2.3350000381469727,3.365537166595459,6.141281604766846,42.06490707397461,16.941877365112305,59.97035217285156,21.73661994934082,30.658023834228516,34.14847946166992,27.515911102294922,37.286739349365234,3.125924825668335,64.23719024658203,57.77920150756836,118.6199722290039,64.96989440917969,34.945831298828125,,,35.09661865234375,12.45018482208252,39.942596435546875,63.32643127441406,39.977481842041016,47.87493896484375,33.180877685546875,3.200446128845215,,20.396108627319336,18.155582427978516,58.08677291870117,45.533912658691406,21.98417854309082,30.385604858398438,31.388418197631836,31.7801570892334,17.318967819213867,23.745615005493164,28.064878463745117,21.332189559936523,38.52490997314453,22.401416778564453,,15.729451179504395,21.112581253051758,45.8924560546875,
2007-12-01,24.70961570739746,18.472518920898438,14.390000343322754,64.09725189208984,26.724952697753906,,45.15018844604492,41.6403694152832,2.659374952316284,3.5241992473602295,6.454200267791748,44.7296028137207,12.76642894744873,65.18682861328125,21.647380828857422,29.94160270690918,33.93287658691406,29.86974334716797,35.506649017333984,3.187434673309326,58.228424072265625,57.91587448120117,115.82233428955078,64.39595794677734,38.0009880065918,,,34.03028106689453,12.347452163696289,39.88533020019531,60.23078918457031,40.48644256591797,47.78377151489258,32.68196105957031,3.2828359603881836,,18.942235946655273,19.899688720703125,55.073856353759766,46.251548767089844,20.88886833190918,31.104907989501953,32.456146240234375,29.725963592529297,16.407251358032227,21.368289947509766,28.647541046142578,21.24424934387207,36.97720718383789,17.674692153930664,,15.961181640625,20.09755516052246,48.224124908447266,
2008-01-01,22.517765045166016,17.36825942993164,11.489999771118164,60.960514068603516,23.357398986816406,,44.42207336425781,31.613603591918945,2.555000066757202,3.883188247680664,6.300619125366211,39.898643493652344,14.421178817749023,61.29465866088867,18.92325782775879,30.54275131225586,30.41143798828125,25.602365493774414,37.580772399902344,3.1866486072540283,60.93834686279297,55.20088577270508,110.47953796386719,58.406654357910156,36.45799255371094,,,32.04719543457031,12.22288990020752,34.743751525878906,61.75286102294922,38.244144439697266,48.221256256103516,35.436256408691406,4.140833854675293,,17.262712478637695,17.138280868530273,49.44286346435547,38.16289520263672,19.989355087280273,29.776037216186523,27.52606773376465,31.49186134338379,15.030598640441895,18.158681869506836,25.241737365722656,21.09880828857422,38.153663635253906,17.549543380737305,,15.938017845153809,19.9376163482666,44.11153030395508,
2008-02-01,22.16818618774414,16.79642105102539,11.270000457763672,60.97328186035156,23.984140396118164,,45.26058578491211,33.01993179321289,2.603749990463257,3.8990912437438965,5.6023149490356445,41.832000732421875,11.446061134338379,59.64957046508789,19.58690071105957,28.211774826049805,30.698089599609375,24.994789123535156,31.24711036682129,3.225177764892578,57.54928207397461,53.450767517089844,104.48594665527344,54.4395751953125,35.68724060058594,,,31.189125061035156,12.475131034851074,31.158781051635742,59.28836441040039,37.88114547729492,47.98522186279297,34.458988189697266,3.870933771133423,,16.597942352294922,15.908219337463379,47.41478729248047,36.87556838989258,20.342498779296875,28.780858993530273,27.832529067993164,29.76276397705078,14.115250587463379,19.338729858398438,26.146947860717773,21.09880828857422,36.95799255371094,19.349742889404297,,16.04473114013672,20.19599151611328,44.97911834716797,
2008-03-01,23.693876266479492,17.341533660888672,9.399999618530273,54.772098541259766,22.42390251159668,,48.990074157714844,30.686634063720703,2.422499895095825,4.505814552307129,5.555596351623535,41.204471588134766,7.373491287231445,56.485145568847656,19.71430015563965,28.426128387451172,30.99928092956543,24.69718360900879,35.90398406982422,3.643195629119873,60.58211135864258,54.443359375,116.68756103515625,56.45723342895508,34.99259567260742,,,30.831174850463867,13.76375961303711,30.96735191345215,57.04782485961914,38.243526458740234,47.49687194824219,35.39065170288086,4.521536350250244,,18.075185775756836,16.502290725708008,50.818824768066406,38.70212936401367,19.59697723388672,28.091035842895508,26.870376586914062,29.386308670043945,13.45779800415039,20.595333099365234,25.66832733154297,21.28191375732422,38.42074203491211,18.13677406311035,,17.45867919921875,20.811058044433594,43.72296142578125,
2008-04-01,24.70557403564453,19.16216468811035,7.460000038146973,62.497779846191406,26.912378311157227,,51.471004486083984,41.0618896484375,2.554374933242798,5.0586934089660645,5.763882160186768,46.412986755371094,7.296326160430908,59.034156799316406,23.342910766601562,31.550695419311523,31.481212615966797,27.22982406616211,37.02448654174805,3.8716399669647217,62.674072265625,59.291961669921875,103.0987319946289,64.08439636230469,36.84083557128906,,,33.42655563354492,14.619894027709961,34.47694778442383,60.919986724853516,37.15638732910156,44.90870666503906,39.0062255859375,4.361016273498535,,19.348350524902344,17.353078842163086,58.58067321777344,36.552032470703125,21.30600929260254,29.58090591430664,31.283849716186523,29.768930435180664,13.791973114013672,20.502925872802734,29.133092880249023,24.644468307495117,38.09979248046875,18.13677406311035,,19.87859535217285,22.38614845275879,48.1118049621582,
2008-05-01,24.062788009643555,20.260080337524414,7.03000020980835,61.242897033691406,27.11276626586914,,51.948734283447266,46.23728942871094,2.8125,5.56455659866333,5.74636173248291,48.181602478027344,5.2729034423828125,57.11715316772461,25.61563491821289,31.49321174621582,35.23491287231445,30.141748428344727,37.54502487182617,3.92161226272583,59.95453643798828,60.4264030456543,96.85604095458984,67.76289367675781,37.140899658203125,,,34.327903747558594,14.119954109191895,42.07408905029297,63.119422912597656,37.71852493286133,46.31025695800781,44.112789154052734,4.287147045135498,,18.380144119262695,19.650175094604492,62.27117919921875,39.67512512207031,22.07004165649414,29.12159538269043,33.63782501220703,29.978731155395508,15.836977005004883,20.429702758789062,30.797897338867188,27.942493438720703,37.604740142822266,19.821455001831055,,21.59393310546875,23.69208526611328,46.08875274658203,
2008-06-01,23.578533172607422,18.670621871948242,4.989999771118164,48.62731170654297,26.013444900512695,,46.40435791015625,43.01998519897461,2.6762499809265137,5.060960292816162,5.160436630249023,48.171875,4.887082099914551,50.843379974365234,22.911027908325195,27.746379852294922,29.94785499572754,26.490943908691406,34.29133605957031,3.4234790802001953,51.57103729248047,55.21327209472656,85.08500671386719,60.738555908203125,31.32245635986328,,,30.546728134155273,12.557563781738281,32.29433822631836,56.902076721191406,33.84260940551758,41.056915283203125,41.02920913696289,4.264418125152588,,16.640541076660156,15.395526885986328,52.45280456542969,29.632686614990234,20.016979217529297,25.29281997680664,32.1505012512207,27.842275619506836,12.201008796691895,17.363388061523438,30.095544815063477,25.70157814025879,32.54806137084961,18.878032684326172,,22.54448890686035,23.554670333862305,45.76164245605469,
2008-07-01,24.034337997436523,18.92366600036621,5.039999961853027,45.21630859375,22.973491668701172,,43.96310806274414,43.55839157104492,2.7412500381469727,5.445306301116943,5.536131381988525,41.09164047241211,6.464664936065674,49.45476531982422,23.50783920288086,28.959569931030273,29.49365234375,22.301633834838867,28.318254470825195,3.875607490539551,51.60377502441406,58.696598052978516,90.1856689453125,66.46344757080078,31.671289443969727,,,30.12238311767578,13.975150108337402,30.797616958618164,60.17227554321289,34.231651306152344,41.357635498046875,47.29328155517578,5.2133307456970215,,17.678977966308594,15.480175971984863,45.363006591796875,30.16123390197754,21.904111862182617,26.227476119995117,27.85381507873535,27.624910354614258,13.370622634887695,16.700035095214844,27.000226974487305,28.0640869140625,33.40055465698242,15.576059341430664,,25.734663009643555,22.199230194091797,41.76338577270508,
2008-08-01,24.97410774230957,19.19254493713379,6.5,48.808372497558594,21.849905014038086,,44.728294372558594,42.896278381347656,2.750624895095825,5.229785919189453,5.9955291748046875,42.264198303222656,6.970521450042725,49.74374008178711,23.511566162109375,29.190725326538086,28.517040252685547,22.97343635559082,28.78079605102539,4.141299247741699,54.20882034301758,60.77740478515625,89.5799560546875,67.15133666992188,31.423587799072266,,,31.896930694580078,13.448260307312012,33.49040985107422,67.40094757080078,35.06595993041992,42.498600006103516,48.351959228515625,4.726089954376221,,18.301931381225586,15.915745735168457,47.3111457824707,32.19444274902344,22.153470993041992,27.017452239990234,27.672433853149414,29.780006408691406,13.643048286437988,17.209535598754883,25.369625091552734,28.656455993652344,34.19522476196289,15.585691452026367,,27.394853591918945,22.145692825317383,41.75749588012695,
2008-09-01,24.21334457397461,16.14219856262207,7.150000095367432,42.69615173339844,19.02151107788086,,37.68989944458008,28.781850814819336,2.375,4.412327766418457,5.588688373565674,40.384071350097656,6.387500762939453,35.06180191040039,19.30729866027832,28.46363639831543,24.85490608215332,17.63661766052246,27.783960342407227,3.9387381076812744,51.80393981933594,48.47706604003906,82.38329315185547,64.86894989013672,26.024526596069336,,,28.777189254760742,11.043892860412598,29.663663864135742,63.482139587402344,33.454708099365234,37.369136810302734,43.5384635925293,4.025770664215088,,17.738048553466797,14.115702629089355,39.13674545288086,25.463699340820312,20.329376220703125,24.739559173583984,23.488924026489258,26.09699821472168,12.433478355407715,14.525345802307129,21.416650772094727,24.305057525634766,33.53926086425781,14.671146392822266,,23.758901596069336,19.82284164428711,40.531028747558594,
2008-10-01,19.795467376708984,13.164777755737305,5.010000228881836,39.02584457397461,18.84330940246582,,24.40062141418457,17.215129852294922,2.1812500953674316,3.696751117706299,4.6134419441223145,36.52581787109375,9.414058685302734,27.31277847290039,15.126826286315918,21.5480899810791,19.943647384643555,14.27459716796875,26.03748893737793,3.210641622543335,42.84440994262695,39.93419647216797,63.03127670288086,58.603553771972656,19.072128295898438,,,21.616872787475586,7.972292423248291,23.082448959350586,49.23093795776367,31.490812301635742,28.94348907470703,39.41542434692383,4.309876441955566,,15.505888938903809,10.807628631591797,28.628902435302734,18.86932373046875,16.070920944213867,22.638809204101562,22.215181350708008,20.46993637084961,10.947855949401855,8.59777545928955,19.56722068786621,22.805622100830078,28.147586822509766,9.867406845092773,,18.439464569091797,19.6591854095459,38.68347930908203,
2008-11-01,23.256139755249023,13.829946517944336,4.349999904632568,31.975893020629883,18.79581069946289,,26.182748794555664,16.981060028076172,1.6668750047683716,3.0292985439300537,4.675734519958496,39.020076751708984,7.553540229797363,24.65659523010254,14.332904815673828,21.06606101989746,22.098535537719727,14.71274185180664,26.792194366455078,3.0710835456848145,46.30500411987305,34.20753860473633,55.47140121459961,52.91455078125,17.63422203063965,,,22.0894832611084,6.5910186767578125,22.538259506225586,44.985992431640625,33.044593811035156,25.535791397094727,32.70240783691406,3.380851984024048,,15.353754997253418,10.366195678710938,30.553726196289062,21.483308792114258,16.27434730529785,20.13988494873047,21.56500244140625,19.87598419189453,12.894786834716797,7.38997745513916,19.18251609802246,17.184175491333008,30.990467071533203,7.768776893615723,,17.90172004699707,18.548633575439453,42.07111358642578,
2008-12-01,22.471508026123047,11.9834566116333,5.28000020980835,32.00588607788086,18.043052673339844,,28.533382415771484,17.744478225708008,1.699375033378601,2.641279935836792,4.521952152252197,36.53099822998047,9.825607299804688,27.3417911529541,15.817605018615723,21.951744079589844,22.541872024536133,15.782707214355469,26.663963317871094,2.801647901535034,42.11759567260742,38.12681198120117,53.34409713745117,59.11552047729492,20.78002166748047,,,22.899747848510742,6.875787734985352,24.58660888671875,49.05229187011719,28.408580780029297,28.086259841918945,31.102630615234375,4.04281759262085,,14.278022766113281,10.675148010253906,31.63961410522461,22.235042572021484,16.948728561401367,22.243928909301758,21.359233856201172,21.548280715942383,12.193745613098145,8.177048683166504,20.10982322692871,16.414932250976562,29.677675247192383,8.779583930969238,,18.439844131469727,21.05142593383789,41.90312194824219,
2009-01-01,20.752153396606445,12.677630424499512,5.070000171661377,31.735857009887695,16.394704818725586,,19.9183292388916,15.918911933898926,1.5056250095367432,2.355759382247925,4.4285149574279785,34.82716751098633,5.915940284729004,24.787424087524414,13.588147163391113,20.461795806884766,20.134368896484375,13.976160049438477,22.28809356689453,2.7477848529815674,33.44459915161133,37.797550201416016,39.94221496582031,54.69910430908203,20.767356872558594,,,21.338253021240234,6.691160202026367,27.972503662109375,47.86216354370117,26.557146072387695,30.006908416748047,25.358083724975586,3.562680244445801,,13.361138343811035,9.850255012512207,28.419132232666016,17.959077835083008,17.680286407470703,19.91578483581543,19.862388610839844,19.753639221191406,12.378994941711426,7.639769554138184,18.102479934692383,15.037866592407227,22.860855102539062,5.371719837188721,,13.884385108947754,19.812734603881836,40.144710540771484,
2009-02-01,19.50690460205078,10.495939254760742,4.300000190734863,23.820186614990234,15.110176086425781,,15.889470100402832,13.917757987976074,1.6887500286102295,2.0242605209350586,4.0329694747924805,30.25839614868164,4.312635898590088,19.614450454711914,12.098592758178711,17.8282470703125,16.638221740722656,11.611700057983398,22.0797176361084,2.4451675415039062,28.369457244873047,29.195999145507812,28.845521926879883,49.884464263916016,17.148590087890625,,,18.162996292114258,6.382389068603516,24.089054107666016,37.11867904663086,22.6884708404541,23.52671241760254,21.158479690551758,3.0953269004821777,,12.134490966796875,9.414920806884766,24.972740173339844,14.029367446899414,13.605478286743164,17.088417053222656,18.022396087646484,16.9100284576416,12.836668014526367,6.761088848114014,17.164260864257812,12.972503662109375,22.391855239868164,3.8988287448883057,,12.41781234741211,17.151132583618164,35.82061767578125,
2009-03-01,20.277172088623047,12.429047584533691,4.679999828338623,26.956823348999023,15.795565605163574,,18.05239486694336,17.029190063476562,1.8537499904632568,2.1202237606048584,4.913505554199219,33.51298522949219,4.827064514160156,23.63740348815918,12.79714584350586,20.274456024169922,17.776464462280273,11.839761734008789,22.67278480529785,2.609963893890381,29.299985885620117,27.710201263427734,34.26887512207031,52.91551208496094,17.806934356689453,,,20.35040283203125,6.22641134262085,18.810585021972656,40.60057830810547,24.814577102661133,27.481422424316406,22.512577056884766,3.3368165493011475,,14.120234489440918,9.674046516418457,25.429250717163086,15.24384880065918,11.85372543334961,17.988245010375977,18.157655715942383,18.624055862426758,11.928585052490234,6.5799055099487305,17.840660095214844,14.21373462677002,26.76364517211914,4.0528564453125,,12.241476058959961,16.455726623535156,35.926124572753906,
2009-04-01,20.300235748291016,12.80267333984375,4.800000190734863,30.343463897705078,16.72517967224121,,23.26820945739746,22.750181198120117,1.9618749618530273,2.42698073387146,5.100344657897949,32.94480514526367,5.290051460266113,29.670799255371094,14.931621551513672,24.180086135864258,21.17252540588379,14.22922420501709,27.818031311035156,3.114097833633423,36.85382843017578,34.71576690673828,42.87847137451172,63.24524688720703,19.948104858398438,,,21.636743545532227,7.63123083114624,19.876564025878906,46.188072204589844,28.74738121032715,30.447444915771484,24.034982681274414,3.998781204223633,,15.03007984161377,13.309325218200684,33.9380989074707,22.049135208129883,14.514766693115234,20.440820693969727,18.723285675048828,24.322559356689453,12.764021873474121,10.380040168762207,18.080659866333008,16.99010467529297,28.460172653198242,5.833803653717041,,17.698633193969727,17.143524169921875,35.171730041503906,
2009-05-01,21.920799255371094,12.500595092773438,4.360000133514404,34.31413269042969,19.84601593017578,,23.18973731994629,21.816343307495117,1.918125033378601,2.624307632446289,4.629269599914551,33.55031204223633,4.981391906738281,31.260051727294922,15.37269401550293,22.602903366088867,20.147254943847656,14.131768226623535,26.450029373168945,2.6968276500701904,36.504783630371094,38.22967529296875,45.69182586669922,59.76896667480469,21.397388458251953,,,21.300325393676758,8.86777400970459,21.521629333496094,49.53290939331055,28.746320724487305,30.258859634399414,25.058897018432617,4.1834492683410645,,15.213717460632324,11.27856731414795,31.800128936767578,21.622323989868164,15.751981735229492,22.18025779724121,22.49008560180664,22.83237648010254,14.246013641357422,9.724041938781738,21.56600570678711,17.13161277770996,28.048492431640625,4.572700500488281,,16.561716079711914,17.92023277282715,36.80390167236328,
2009-06-01,20.616294860839844,13.76806640625,4.559999942779541,32.516178131103516,19.116317749023438,,21.607131958007812,23.68650245666504,2.166874885559082,2.861453056335449,4.539823055267334,33.33897018432617,4.964245796203613,28.921070098876953,16.17945671081543,21.67287826538086,20.341875076293945,14.492369651794434,26.87729263305664,2.6927688121795654,36.707557678222656,37.464927673339844,40.05310821533203,62.081478118896484,20.261695861816406,,,24.840837478637695,8.34425163269043,19.638145446777344,47.767913818359375,30.256628036499023,29.026151657104492,25.375492095947266,4.768706321716309,,14.022889137268066,12.253396987915039,32.32685852050781,22.629812240600586,17.006717681884766,21.90622329711914,20.93817901611328,21.838539123535156,13.149048805236816,10.04609203338623,20.28663444519043,18.101726531982422,27.41774559020996,6.2477521896362305,,14.93247127532959,18.290468215942383,37.101097106933594,
2009-07-01,21.669198989868164,12.884169578552246,5.25,32.829864501953125,20.062517166137695,,29.175983428955078,28.933732986450195,2.2068750858306885,3.3150875568389893,5.004937171936035,34.9593505859375,5.941661834716797,31.664772033691406,16.629291534423828,21.631357192993164,22.840669631958008,17.034656524658203,27.35291862487793,2.8876023292541504,44.77238845825195,37.464927673339844,45.794517517089844,68.16983032226562,22.3911075592041,,,26.97632598876953,9.772740364074707,21.68089485168457,44.279335021972656,35.502471923828125,28.327186584472656,29.13432502746582,5.061335563659668,,14.917759895324707,13.092206001281738,33.320152282714844,29.17498779296875,18.53252410888672,22.96442985534668,21.960275650024414,25.910694122314453,13.908206939697266,13.881878852844238,20.817829132080078,20.000215530395508,29.468997955322266,7.191173076629639,,15.619454383850098,18.257993698120117,37.35580825805664,
2009-08-01,22.30910873413086,12.533798217773438,4.550000190734863,38.36674880981445,20.97443962097168,,30.003721237182617,30.606950759887695,2.208750009536743,3.529785394668579,5.454150676727295,35.548099517822266,6.190301418304443,31.56342124938965,17.037504196166992,22.985288619995117,23.362632751464844,17.7006778717041,26.329103469848633,2.9678900241851807,45.346553802490234,40.035179138183594,47.50324630737305,66.66389465332031,23.928009033203125,,,27.82120704650879,10.248120307922363,24.049102783203125,44.747291564941406,36.562965393066406,31.29016876220703,31.137453079223633,5.082643985748291,,15.925411224365234,13.7001371383667,36.80622100830078,29.692434310913086,17.842775344848633,25.196809768676758,23.50896453857422,26.414047241210938,16.171154022216797,14.883100509643555,21.423856735229492,20.889881134033203,29.573057174682617,8.84697151184082,,17.388029098510742,19.440113067626953,36.921905517578125,
2009-09-01,23.058107376098633,13.923409461975098,4.71999979019165,41.8272590637207,21.700088500976562,,33.99009323120117,30.262529373168945,2.075624942779541,3.4766292572021484,6.024608612060547,35.79713439941406,7.682149410247803,31.270404815673828,19.091459274291992,24.23268699645996,25.39665985107422,18.566856384277344,28.33643913269043,3.1728546619415283,49.72014617919922,43.694427490234375,56.447383880615234,68.10430908203125,24.181865692138672,,,28.623056411743164,11.15036678314209,26.203060150146484,46.59733963012695,37.425045013427734,33.17488479614258,29.2639102935791,4.32266092300415,,16.35323715209961,14.283447265625,39.21157455444336,30.22455406188965,18.643104553222656,25.863237380981445,24.23792266845703,27.780431747436523,18.09265899658203,14.777107238769531,22.16828155517578,20.379947662353516,31.238121032714844,9.915538787841797,,17.425180435180664,19.561017990112305,36.633583068847656,
2009-10-01,23.35146713256836,13.915428161621094,4.090000152587891,36.92230224609375,23.082080841064453,,36.72416305541992,29.08066177368164,2.010624885559082,3.503206968307495,5.503840923309326,38.90265655517578,6.121713161468506,33.186546325683594,18.559494018554688,22.769075393676758,23.920251846313477,19.833301544189453,25.974393844604492,2.8285152912139893,48.04783248901367,42.655174255371094,49.02190017700195,71.43487548828125,23.3616943359375,,,30.774320602416992,10.913403511047363,29.07427215576172,41.053157806396484,37.30841827392578,32.13636016845703,31.646570205688477,3.6919474601745605,,16.165529251098633,14.169811248779297,40.058738708496094,29.053890228271484,18.18001365661621,26.08395004272461,25.17879295349121,29.43333625793457,16.82241439819336,15.220381736755371,22.471298217773438,19.25879669189453,29.69476318359375,9.135773658752441,26.078845977783203,17.06766700744629,19.600385665893555,38.26744079589844,
2009-11-01,25.49299430847168,14.5814847946167,4.230000019073486,40.83982467651367,23.641742706298828,,38.94521713256836,30.433090209960938,2.026249885559082,3.961547613143921,5.583347320556641,40.01416015625,7.0219645500183105,38.98600769042969,20.261791229248047,23.858318328857422,26.451091766357422,21.13323974609375,25.89183235168457,3.0400381088256836,55.82115173339844,44.8321418762207,55.07231521606445,74.8244857788086,25.234115600585938,,,32.59718322753906,11.668066024780273,30.743375778198242,46.46247482299805,39.52684020996094,35.4022102355957,35.13437271118164,3.76155424118042,,17.838417053222656,14.076739311218262,40.99505615234375,31.061717987060547,19.786806106567383,28.699682235717773,25.686254501342773,31.606828689575195,18.612852096557617,17.075538635253906,23.882463455200195,22.1878719329834,32.039608001708984,8.875853538513184,25.58446502685547,17.879953384399414,21.73270034790039,40.31612014770508,
2009-12-01,25.323495864868164,15.27626895904541,4.380000114440918,42.18011474609375,23.96837615966797,,38.011436462402344,31.083782196044922,2.288749933242798,4.045818328857422,5.181840419769287,39.47577667236328,9.757017135620117,39.60686492919922,20.623619079589844,25.723670959472656,27.21121597290039,21.040647506713867,28.19476890563965,3.413892984390259,55.228424072265625,46.37644577026367,52.35091781616211,74.15818786621094,25.712955474853516,,,32.36967468261719,11.606261253356934,33.299495697021484,45.33144760131836,42.196327209472656,36.08053207397461,35.831581115722656,4.361016273498535,,17.43441390991211,13.769245147705078,40.93429183959961,33.55435562133789,19.99659538269043,29.62588882446289,25.836698532104492,33.746978759765625,20.39041519165039,17.254159927368164,24.59291648864746,22.412343978881836,31.983856201171875,9.443831443786621,28.788461685180664,18.966672897338867,22.374618530273438,36.62123489379883,
2010-01-01,24.122970581054688,14.557202339172363,5.639999866485596,47.22178268432617,23.203472137451172,,35.08100128173828,30.609315872192383,2.109999895095825,3.5760743618011475,4.991024017333984,36.978736877441406,10.485788345336914,36.575382232666016,21.253076553344727,26.64803123474121,26.534120559692383,20.253515243530273,27.65147590637207,3.4007768630981445,51.853153228759766,45.72560119628906,55.637996673583984,76.03451538085938,25.34562873840332,,,29.401826858520508,11.5883150100708,30.057069778442383,44.83209228515625,41.0836181640625,36.56503677368164,32.16777801513672,3.906446933746338,,16.67146110534668,13.678133964538574,42.476531982421875,34.45428466796875,18.922958374023438,28.8021240234375,23.80792999267578,33.576637268066406,20.72532081604004,15.670679092407227,22.11595344543457,21.219833374023438,32.20684814453125,7.711016654968262,26.734865188598633,17.80098533630371,21.20989418029785,34.60196304321289,
2010-02-01,24.60791015625,15.595858573913574,7.559999942779541,49.552616119384766,22.335634231567383,,38.31106948852539,38.603614807128906,2.2300000190734863,3.980203628540039,5.024549961090088,37.42583084106445,11.077386856079102,41.95735549926758,22.563243865966797,26.897661209106445,30.46170425415039,22.704158782958984,29.573299407958984,3.672407388687134,56.09539031982422,49.624420166015625,55.9156608581543,78.2013931274414,26.54935073852539,,,30.70362091064453,11.794377326965332,31.66779327392578,47.16443634033203,41.178741455078125,39.853328704833984,35.40050506591797,4.366697311401367,,17.2177791595459,13.453466415405273,46.024532318115234,38.85920333862305,19.87651824951172,29.490449905395508,23.891845703125,37.5075569152832,21.562578201293945,15.436960220336914,21.37478256225586,23.725908279418945,33.01957321166992,7.268187999725342,26.90599250793457,17.717504501342773,21.8518123626709,35.13578796386719,
2010-03-01,26.50567626953125,16.5874080657959,5.869999885559082,56.96669387817383,23.955915451049805,,42.20597457885742,42.11860275268555,2.2249999046325684,4.268697261810303,5.695436954498291,39.253116607666016,12.5092134475708,43.74123001098633,23.306045532226562,29.849231719970703,32.3921012878418,25.253881454467773,29.938194274902344,3.972028970718384,61.89204025268555,52.805030822753906,63.366455078125,83.17889404296875,29.927528381347656,,,32.155784606933594,12.510673522949219,33.414485931396484,50.47614288330078,42.935813903808594,42.65724182128906,38.47043228149414,4.743136882781982,,17.66634178161621,16.494291305541992,49.40520477294922,40.48999786376953,20.63226890563965,31.621150970458984,25.25360679626465,37.83043670654297,22.77337646484375,16.86890983581543,22.281089782714844,25.814300537109375,36.206851959228516,9.029879570007324,26.81092071533203,19.56636619567871,23.00436782836914,36.20608139038086,
2010-04-01,25.85002899169922,17.30354881286621,4.75,56.82550048828125,21.89068603515625,,46.01002883911133,49.1077766418457,2.2306249141693115,4.70059871673584,5.525180816650391,42.15713119506836,10.357182502746582,44.00605010986328,26.032981872558594,28.01492691040039,33.60824966430664,25.7171573638916,33.0114860534668,4.52657413482666,59.6456298828125,52.51540756225586,65.66434478759766,85.0406494140625,31.381914138793945,,,34.69512176513672,12.687292098999023,36.221893310546875,51.48905944824219,45.55607604980469,44.127498626708984,40.838287353515625,5.096848964691162,,17.756961822509766,17.704530715942383,52.79351043701172,43.62230682373047,22.061317443847656,32.196800231933594,27.38789939880371,40.95388412475586,23.730857849121094,17.889652252197266,20.88323402404785,26.645429611206055,38.86570739746094,13.823995590209961,26.63978385925293,22.102746963500977,23.171405792236328,36.63311767578125,
2010-05-01,24.36590003967285,16.243335723876953,4.46999979019165,50.645111083984375,18.028850555419922,,41.05699157714844,46.33419418334961,2.2437500953674316,4.402847766876221,5.26979923248291,38.595584869384766,11.643253326416016,42.431785583496094,22.51285171508789,25.255327224731445,30.084552764892578,23.470521926879883,31.17568588256836,4.174811363220215,55.325111389160156,46.69717788696289,56.92534637451172,78.66950988769531,28.464603424072266,,,31.524356842041016,11.897181510925293,33.16557693481445,48.86064147949219,41.00337600708008,39.66214370727539,39.08557891845703,5.0627570152282715,,16.577816009521484,15.635641098022461,47.08686828613281,38.564327239990234,20.703367233276367,29.114086151123047,23.194774627685547,36.976680755615234,22.65315818786621,18.049293518066406,18.50776481628418,25.277389526367188,35.52402114868164,11.69648551940918,28.759946823120117,20.141822814941406,21.93598747253418,32.90365219116211,
2010-06-01,24.196617126464844,16.086612701416016,3.9000000953674316,49.51667785644531,12.122782707214355,,40.590736389160156,44.39167785644531,2.2381250858306885,4.182071208953857,4.858348846435547,35.455474853515625,10.074246406555176,41.16724395751953,20.95816421508789,23.426912307739258,28.303068161010742,21.957275390625,28.134750366210938,4.154118061065674,46.52729797363281,40.56038284301758,50.52449035644531,76.89122772216797,25.97551727294922,,,28.225826263427734,11.581592559814453,29.446714401245117,45.54700469970703,40.837921142578125,35.69527816772461,36.72491455078125,4.991729259490967,,15.084999084472656,15.204705238342285,42.49003982543945,35.43183898925781,21.267871856689453,28.046833038330078,22.22979736328125,33.48382568359375,21.910356521606445,16.71739387512207,17.717920303344727,24.597944259643555,32.20144271850586,8.972118377685547,28.427188873291016,18.534196853637695,21.112791061401367,31.058732986450195,
2010-07-01,24.80364418029785,17.737340927124023,4.099999904632568,53.769962310791016,16.1483097076416,,47.445621490478516,54.26102828979492,2.2774999141693115,4.442450046539307,5.363033294677734,39.818180084228516,10.185708045959473,49.30012512207031,24.0575008392334,26.165346145629883,32.092777252197266,26.325910568237305,34.762847900390625,4.0622453689575195,54.78290939331055,42.423553466796875,56.480892181396484,86.6021728515625,28.524503707885742,,,29.74378776550293,12.6561918258667,31.48290252685547,45.94439697265625,44.22429275512695,38.44915008544922,38.95404052734375,5.601135730743408,,15.272422790527344,17.473783493041992,47.592529296875,39.08402633666992,22.79159927368164,30.721460342407227,24.531570434570312,38.45470428466797,23.258556365966797,18.156963348388672,20.09539031982422,26.423938751220703,36.79195022583008,12.688042640686035,28.22752571105957,20.727258682250977,22.90761375427246,32.479148864746094,
2010-08-01,23.204954147338867,17.2244873046875,3.630000114440918,48.53142166137695,14.620375633239746,,44.323402404785156,50.88031005859375,2.065624952316284,4.2249064445495605,5.16642951965332,39.06727600097656,8.968223571777344,46.7789306640625,22.58771514892578,24.636816024780273,30.421398162841797,23.4816951751709,32.284446716308594,3.778687000274658,51.79655456542969,38.69722366333008,50.73473358154297,82.17748260498047,26.18265151977539,,,28.212148666381836,12.325577735900879,29.743661880493164,42.87615203857422,40.86559295654297,35.78958511352539,37.395477294921875,4.951952934265137,,14.626028060913086,15.66125202178955,45.51129150390625,37.1591682434082,21.053260803222656,28.347312927246094,23.824234008789062,35.55168914794922,24.855783462524414,15.767370223999023,18.515710830688477,25.929914474487305,36.374874114990234,10.830079078674316,26.449636459350586,19.765525817871094,22.32733726501465,32.39913558959961,
2010-09-01,25.478727340698242,19.164836883544922,3.880000114440918,52.82646179199219,17.28167724609375,,53.52002716064453,61.93711853027344,2.0606250762939453,4.684743404388428,5.583958625793457,42.74300003051758,9.979935646057129,51.80767822265625,26.34728240966797,26.083087921142578,34.34065246582031,27.87858772277832,37.68964767456055,4.439768314361572,56.82378387451172,43.504058837890625,57.357608795166016,92.52445983886719,29.45380210876465,,,32.38520812988281,12.1437349319458,31.49441909790039,43.96162796020508,45.110809326171875,40.094661712646484,41.45686340332031,5.416466236114502,,16.153858184814453,18.401397705078125,53.896583557128906,44.85401153564453,21.9571533203125,30.96426773071289,27.080127716064453,40.87443542480469,26.641931533813477,17.344219207763672,20.480392456054688,29.079601287841797,38.02256774902344,14.286076545715332,26.630279541015625,22.210067749023438,24.340923309326172,33.86808395385742,
2010-10-01,26.969985961914062,21.68431282043457,3.9700000286102295,56.08146286010742,17.126359939575195,,53.76011276245117,60.2413444519043,2.1162500381469727,5.203858852386475,5.567744255065918,43.56041717529297,11.909043312072754,57.01966857910156,26.796411514282227,27.696561813354492,35.801395416259766,30.02128791809082,40.24142074584961,4.297033786773682,58.2992057800293,47.49652099609375,56.54579162597656,96.34628295898438,31.578706741333008,,,31.462284088134766,12.725622177124023,32.134422302246094,43.96780014038086,43.81540298461914,41.80741882324219,42.83622360229492,5.976862907409668,,16.48459243774414,19.58993911743164,58.88930130004883,45.31904983520508,21.467458724975586,32.503135681152344,29.159435272216797,41.33469009399414,28.45383644104004,19.092723846435547,21.623477935791016,31.169919967651367,38.39316177368164,18.088638305664062,28.341615676879883,21.76857566833496,24.327299118041992,36.444244384765625,
2010-11-01,27.01848030090332,23.738399505615234,4.03000020980835,50.93390655517578,16.790552139282227,,57.86390686035156,66.599365234375,2.2174999713897705,5.171382904052734,5.5180344581604,43.06623077392578,11.728998184204102,55.46050262451172,27.794300079345703,29.06744384765625,36.131492614746094,32.78702163696289,43.29128646850586,4.503361225128174,60.64383316040039,46.08110046386719,55.875152587890625,97.4677505493164,33.53128433227539,,,32.805355072021484,12.59597396850586,31.6324462890625,42.425872802734375,43.96452331542969,41.10422134399414,42.15994644165039,6.153719902038574,,16.959997177124023,20.631601333618164,61.940208435058594,48.30390930175781,20.26481056213379,32.90907287597656,27.590412139892578,39.70716857910156,29.41131591796875,19.913551330566406,19.9139347076416,32.168479919433594,40.25812530517578,18.887662887573242,28.778953552246094,21.489559173583984,23.538476943969727,38.36701583862305,
2010-12-01,28.27393341064453,23.65559959411621,4.699999809265137,52.12398910522461,18.540966033935547,,64.0606918334961,75.43864440917969,2.3343749046325684,5.494540214538574,5.767632961273193,48.5339241027832,10.803024291992188,61.919349670410156,29.640140533447266,29.89890480041504,37.509307861328125,34.52500534057617,44.6825065612793,5.041037559509277,61.90174102783203,49.476680755615234,65.06710815429688,107.75054168701172,35.85844421386719,,,37.013675689697266,13.776121139526367,32.39036178588867,43.59190368652344,45.1790885925293,43.17009353637695,44.01676559448242,6.8163957595825195,,18.36836814880371,22.080402374267578,66.62647247314453,52.3876838684082,21.64725112915039,34.41747283935547,30.36901092529297,44.859256744384766,30.918378829956055,22.90781021118164,21.837139129638672,33.07880783081055,41.6645393371582,21.900827407836914,32.401283264160156,24.58540153503418,25.339078903198242,40.330596923828125,
2011-01-01,29.26365089416504,24.577714920043945,4.190000057220459,55.494564056396484,19.926183700561523,,66.66403198242188,72.60652923583984,2.453125,6.003939151763916,5.788262367248535,50.491241455078125,10.005653381347656,67.77204895019531,32.50527572631836,29.99968910217285,38.63124084472656,36.71875,41.466339111328125,4.885372161865234,60.111446380615234,52.88421630859375,71.64855194091797,102.57013702392578,37.78087615966797,,,37.07606506347656,14.973387718200684,33.27699661254883,49.634010314941406,46.02717208862305,46.18225860595703,42.87465286254883,6.8547492027282715,,19.19856071472168,21.753082275390625,69.0274429321289,59.18180465698242,22.35770606994629,35.54549789428711,32.28355026245117,48.7568473815918,33.266990661621094,22.961328506469727,23.99717140197754,33.78207778930664,41.11345291137695,25.655254364013672,32.163597106933594,25.194337844848633,26.026344299316406,44.50041961669922,
2011-02-01,30.54659652709961,25.28285789489746,3.7799999713897705,57.84946823120117,20.530237197875977,,70.73216247558594,69.50462341308594,2.625624895095825,6.372369289398193,5.80064058303833,55.59743118286133,9.636979103088379,67.21286010742188,32.72306442260742,30.15810203552246,39.36442184448242,37.91472244262695,39.11764907836914,5.269385814666748,59.911781311035156,53.38920211791992,74.93848419189453,104.34414672851562,39.29054260253906,,,37.498878479003906,15.143730163574219,33.36280059814453,49.825504302978516,48.573875427246094,44.750572204589844,46.24844741821289,6.5564374923706055,,20.17648696899414,19.347991943359375,69.0909652709961,64.35414123535156,21.466012954711914,36.70854187011719,33.254940032958984,51.14922332763672,34.51213836669922,22.037029266357422,25.030229568481445,34.200992584228516,42.662353515625,29.82363510131836,30.756498336791992,26.389066696166992,25.469675064086914,47.424156188964844,
2011-03-01,31.570302963256836,26.47882843017578,4.059999942779541,59.39188766479492,18.696199417114258,,76.51826477050781,75.34712219238281,2.708125114440918,6.708652973175049,6.246208190917969,57.601627349853516,8.402350425720215,72.50999450683594,33.481929779052734,32.7732048034668,38.5528450012207,37.94894027709961,41.040794372558594,5.498377799987793,62.34634780883789,53.69780349731445,71.82198333740234,107.84552001953125,40.511810302734375,,,37.47024154663086,14.95335578918457,35.659271240234375,50.60599899291992,49.24275588989258,46.581298828125,48.8506965637207,7.476938247680664,,18.832592010498047,20.208683013916016,73.35197448730469,69.4302978515625,21.9229793548584,37.1962890625,33.53569412231445,51.66859817504883,35.99344253540039,23.537118911743164,24.895477294921875,35.24768829345703,42.96294021606445,32.037776947021484,31.14630889892578,31.53577423095703,25.89689064025879,46.64789962768555,
2011-04-01,33.446922302246094,27.78857421875,4.460000038146973,64.09150695800781,19.543325424194336,,79.63854217529297,82.6054916381836,2.836250066757202,6.716334819793701,6.405046463012695,58.646575927734375,8.899632453918457,72.96649169921875,34.6533317565918,31.659683227539062,40.096824645996094,36.66208267211914,44.412437438964844,5.713068962097168,63.75922393798828,51.398475646972656,73.25482940673828,118.7491683959961,41.543113708496094,,,40.741554260253906,16.36254119873047,38.19710922241211,49.88214874267578,51.19666290283203,47.24983215332031,52.66596603393555,7.973414421081543,,19.807832717895508,20.498138427734375,73.07311248779297,63.91401290893555,23.076045989990234,39.36259078979492,35.662174224853516,49.004234313964844,35.76587677001953,24.604108810424805,26.22661781311035,37.0901985168457,43.33869552612305,28.321861267089844,31.279403686523438,33.186241149902344,27.36720085144043,48.78261184692383,
2011-05-01,33.90838623046875,26.24946403503418,4.53000020980835,63.016685485839844,19.770286560058594,,73.00715637207031,72.51559448242188,2.9375,6.800332546234131,6.7763519287109375,56.65378189086914,8.642417907714844,64.42007446289062,34.38927459716797,32.01771926879883,36.21845245361328,35.59992980957031,43.43227767944336,5.650908470153809,62.40633773803711,52.386634826660156,70.35330200195312,118.86298370361328,40.63266372680664,,,39.98126983642578,16.567323684692383,35.729000091552734,49.51008224487305,49.99919509887695,48.87416458129883,51.97831344604492,7.95423698425293,,19.559545516967773,19.343351364135742,69.12230682373047,61.22075653076172,23.003068923950195,38.779212951660156,33.25701904296875,50.11164474487305,35.20771026611328,24.311792373657227,24.171781539916992,37.80292510986328,42.78113555908203,26.319501876831055,32.37275695800781,31.428783416748047,27.20289421081543,46.544437408447266,
2011-06-01,32.63494873046875,27.140073776245117,4.550000190734863,59.705543518066406,18.936559677124023,,73.46260070800781,71.30975341796875,2.9124999046325684,6.745447635650635,6.813481330871582,55.53595733642578,7.862199783325195,62.01858901977539,34.68083190917969,29.41665267944336,37.347164154052734,35.4483642578125,42.09197998046875,6.129479885101318,63.30683517456055,52.93578338623047,68.11480712890625,120.89286804199219,40.65996170043945,,,39.648555755615234,16.59417724609375,32.563697814941406,51.46123504638672,50.248191833496094,51.91333770751953,53.12693405151367,7.947847366333008,,18.60276222229004,19.765043258666992,69.8146743774414,63.9094123840332,22.66106414794922,39.10615921020508,33.117340087890625,48.870391845703125,39.15354919433594,22.184799194335938,24.276708602905273,37.59765625,42.455135345458984,24.451913833618164,32.91468048095703,30.559242248535156,26.076440811157227,45.379024505615234,
2011-07-01,31.89776611328125,25.689374923706055,4.110000133514404,56.911258697509766,19.42824363708496,,68.45787048339844,72.26754760742188,2.715625047683716,6.320962429046631,6.7144670486450195,56.173187255859375,6.764750003814697,59.05493927001953,30.931425094604492,29.111642837524414,32.59330368041992,33.036922454833984,39.238712310791016,5.752834796905518,57.987361907958984,48.403717041015625,64.68380737304688,116.73854064941406,36.23165512084961,,,34.95304870605469,14.948769569396973,28.813005447387695,48.13090133666992,46.16370391845703,45.29599380493164,53.67287826538086,7.894572734832764,,17.280996322631836,16.561784744262695,61.47488021850586,52.86008071899414,21.32417869567871,36.60099792480469,34.24871826171875,44.610748291015625,38.67266082763672,18.281330108642578,22.694355010986328,36.90620803833008,40.29541015625,22.151126861572266,31.659700393676758,30.00126075744629,22.032386779785156,44.49238586425781,
2011-08-01,30.993297576904297,23.622133255004883,4.449999809265137,54.362098693847656,17.005292892456055,,63.0597038269043,64.30632019042969,2.690000057220459,5.676115036010742,6.596887111663818,53.80348587036133,6.456090927124023,60.79253387451172,29.593812942504883,27.542800903320312,31.147085189819336,29.81485366821289,37.413272857666016,5.722061634063721,52.54103088378906,45.5196647644043,58.905250549316406,121.81002807617188,32.85984802246094,,,32.66495895385742,14.03409481048584,29.159896850585938,47.63447570800781,44.25625228881836,41.27840042114258,48.27103042602539,6.844094276428223,,16.515810012817383,14.62695026397705,57.43925476074219,47.58498764038086,22.301132202148438,33.02418518066406,31.588796615600586,42.31965637207031,39.441226959228516,16.371118545532227,20.583162307739258,33.37025451660156,39.54609680175781,16.05739974975586,33.12384033203125,28.32825469970703,23.116872787475586,41.54751205444336,
2011-09-01,29.429824829101562,19.961084365844727,4.309999942779541,49.19906997680664,15.571993827819824,,51.168426513671875,56.51372528076172,2.444999933242798,4.8301310539245605,5.804765224456787,50.40131759643555,6.4303717613220215,48.85762405395508,23.975526809692383,26.188230514526367,27.64095115661621,24.643251419067383,33.3430290222168,5.689578533172607,45.24958801269531,40.41219711303711,55.49577331542969,118.20553588867188,30.17936897277832,,,29.43340301513672,13.753948211669922,24.8692569732666,46.6392707824707,38.288211822509766,39.42686080932617,43.52095031738281,6.172897815704346,,16.142393112182617,13.14598274230957,49.382286071777344,41.55247116088867,20.774185180664062,31.294031143188477,28.983488082885742,33.5252571105957,35.06602096557617,13.772770881652832,18.75709342956543,29.5687198638916,37.05794906616211,16.21142578125,33.05729293823242,24.5970516204834,23.01788902282715,40.76729202270508,
2011-10-01,32.663063049316406,23.92667007446289,4.96999979019165,53.49211120605469,19.073204040527344,,65.8196792602539,68.81163787841797,2.721874952316284,5.745966911315918,6.165757656097412,57.18387985229492,7.304901123046875,57.43058395385742,28.56997299194336,29.94523811340332,32.19760513305664,31.112966537475586,37.49549865722656,6.537675857543945,54.71000289916992,45.97616958618164,60.92866897583008,135.4138946533203,36.01457595825195,,,34.407371520996094,15.459688186645508,27.474815368652344,48.73239517211914,42.144248962402344,43.64385986328125,52.77145004272461,7.788033962249756,,18.030895233154297,16.807579040527344,63.79100036621094,50.19684600830078,21.07032585144043,34.68320083618164,33.40732192993164,43.59648132324219,40.32571029663086,15.263306617736816,22.361440658569336,36.049442291259766,41.21854782104492,22.53619384765625,33.41858673095703,31.254596710205078,23.279460906982422,43.83200454711914,21.875268936157227
2011-11-01,31.889080047607422,25.936689376831055,6.019999980926514,56.20614242553711,18.987911224365234,,68.20272827148438,66.93936920166016,2.8081250190734863,5.650515079498291,6.386850357055664,56.412445068359375,6.961947441101074,59.96542739868164,28.46023941040039,31.795026779174805,35.23798370361328,31.411298751831055,35.99584197998047,7.148705005645752,55.545745849609375,47.31555938720703,58.011680603027344,148.27685546875,37.472496032714844,,,32.15032958984375,16.277645111083984,26.10079002380371,50.82869338989258,43.5269660949707,43.53004837036133,54.19752883911133,8.269590377807617,,18.012332916259766,15.838905334472656,65.04322814941406,55.99302673339844,20.32257080078125,34.276817321777344,33.381675720214844,44.9677734375,41.39910888671875,16.239017486572266,22.121997833251953,37.677284240722656,42.41287612915039,27.08963966369629,37.34514236450195,31.766401290893555,22.3781795501709,45.42009735107422,19.63530158996582
2011-12-01,33.968997955322266,25.52427101135254,5.119999885559082,60.01920700073242,18.634750366210938,,63.130027770996094,61.164756774902344,2.9931249618530273,5.48133659362793,7.313366889953613,58.37663269042969,6.936225891113281,58.83529281616211,30.05487060546875,33.15583038330078,31.42082977294922,30.446083068847656,33.886234283447266,7.485115051269531,55.9213752746582,47.566253662109375,65.93782043457031,148.50689697265625,37.61089324951172,,,33.29933547973633,15.8533935546875,26.423397064208984,52.6172981262207,43.89757537841797,44.605533599853516,52.27473449707031,8.636088371276855,,18.631103515625,14.908564567565918,59.912384033203125,54.754215240478516,20.559595108032227,32.70615005493164,34.8552360534668,46.459110260009766,41.081382751464844,14.993932723999023,22.2125244140625,38.59907150268555,43.26409149169922,28.447011947631836,38.15326690673828,32.557655334472656,23.386266708374023,47.85935974121094,21.105897903442383
2012-01-01,34.45329666137695,28.49502944946289,4.760000228881836,60.69837188720703,20.016874313354492,,76.37462615966797,72.26923370361328,2.940000057220459,5.869145393371582,7.792379379272461,56.57707214355469,9.045385360717773,65.52890014648438,32.82997131347656,33.35267639160156,34.6512565612793,34.292938232421875,36.93897247314453,8.041318893432617,61.265071868896484,49.86395263671875,68.88310241699219,151.3233184814453,40.16441345214844,,,37.80482864379883,17.380674362182617,30.059913635253906,53.54085159301758,46.57234191894531,44.277530670166016,51.80119705200195,9.08142375946045,,19.69314956665039,17.586305618286133,63.39316177368164,58.1124382019043,21.85064697265625,35.05989074707031,34.03022384643555,48.23224639892578,44.8812370300293,17.193567276000977,23.020885467529297,41.648681640625,44.7182502746582,36.812644958496094,38.08672332763672,32.01775360107422,24.851940155029297,47.28342819213867,21.286640167236328
2012-02-01,34.163978576660156,28.85879135131836,4.03000020980835,61.68937301635742,20.776477813720703,,79.93721008300781,84.0563735961914,3.1112499237060547,5.498789310455322,8.101221084594727,60.32786178588867,8.410926818847656,63.07966232299805,33.3055534362793,36.13271713256836,34.19462966918945,36.78371047973633,36.136497497558594,9.074908256530762,60.2606086730957,52.79837417602539,70.75521850585938,165.3431854248047,41.483211517333984,,,39.70112991333008,17.677461624145508,31.988134384155273,58.15221405029297,47.36800003051758,46.003028869628906,49.7574348449707,9.271065711975098,,19.561893463134766,18.382678985595703,70.88196563720703,60.006717681884766,22.26108169555664,37.7440071105957,35.26103591918945,52.78196334838867,51.00395202636719,19.624481201171875,24.368146896362305,40.38457489013672,45.8509635925293,40.12424087524414,41.35728073120117,34.79737854003906,25.009225845336914,49.109161376953125,21.344154357910156
2012-03-01,34.96749496459961,29.446617126464844,4.340000152587891,61.21199417114258,19.824888229370117,,74.55481719970703,83.68683624267578,3.2587499618530273,5.632267475128174,8.218870162963867,59.27187728881836,8.505239486694336,61.88101577758789,32.74370193481445,38.04075241088867,35.46561813354492,35.120365142822266,38.47774887084961,9.319522857666016,61.66912078857422,52.906551361083984,74.54367065429688,170.97854614257812,42.51383590698242,,,40.97577667236328,19.164785385131836,33.30220031738281,59.105934143066406,48.23857116699219,46.979862213134766,47.540374755859375,10.157471656799316,,19.368154525756836,18.710290908813477,66.73055267333984,59.79663848876953,22.97160530090332,37.32548904418945,33.83303451538086,53.17849349975586,49.70297622680664,20.433074951171875,22.518451690673828,39.369930267333984,48.07235336303711,41.2890739440918,44.65634536743164,35.095394134521484,25.253124237060547,49.239768981933594,22.887290954589844
2012-04-01,35.23993682861328,30.551389694213867,4.599999904632568,63.21206283569336,19.124412536621094,,72.23442840576172,80.7518081665039,3.3012499809265137,5.8337931632995605,8.229372024536133,58.91250991821289,9.3969144821167,62.997764587402344,32.59801483154297,39.38157272338867,35.710289001464844,33.95743942260742,33.09202575683594,8.094289779663086,59.174468994140625,49.02696990966797,72.72374725341797,165.41490173339844,42.24225997924805,,,41.16230010986328,19.235780715942383,33.64201354980469,59.55320739746094,48.3196907043457,48.6719856262207,52.66779327392578,9.475621223449707,,19.361902236938477,17.160093307495117,69.20878601074219,58.025997161865234,20.573720932006836,36.74042892456055,34.51326370239258,50.55274200439453,54.15116882324219,21.011228561401367,21.192550659179688,41.18677520751953,46.53583908081055,44.93761444091797,46.538814544677734,36.21757888793945,24.704147338867188,49.01833724975586,22.994504928588867
2012-05-01,33.04140090942383,30.782066345214844,5.380000114440918,57.630462646484375,16.255605697631836,,61.58588790893555,67.8530502319336,3.3887500762939453,5.5034356117248535,7.752460956573486,54.840606689453125,10.374329566955566,56.50370407104492,29.585887908935547,38.97880172729492,32.04933547973633,30.308738708496094,31.872669219970703,7.646528244018555,59.77802658081055,46.492088317871094,70.90380096435547,154.74978637695312,39.0135383605957,,,40.27994155883789,18.21796417236328,29.63001823425293,55.12105941772461,45.95917510986328,45.6121940612793,47.617286682128906,9.28171443939209,,18.928428649902344,15.088058471679688,64.8265609741211,54.70198059082031,19.814516067504883,33.563228607177734,30.380956649780273,45.778011322021484,52.81156921386719,20.413311004638672,18.972415924072266,41.025840759277344,44.962303161621094,33.26038360595703,45.54054260253906,33.824188232421875,23.43282127380371,44.9486198425293,20.9748477935791
2012-06-01,35.536216735839844,30.348995208740234,5.239999771118164,61.51335144042969,18.074663162231445,,59.68109130859375,67.8250732421875,2.961250066757202,5.8907060623168945,8.111724853515625,58.85143280029297,9.38833999633789,62.234779357910156,28.042774200439453,40.21281433105469,31.919137954711914,28.156009674072266,32.289310455322266,6.968832492828369,61.53437423706055,47.90840148925781,78.28218078613281,152.82391357421875,39.139705657958984,,,38.20640563964844,18.111724853515625,31.171838760375977,57.97028732299805,48.78500747680664,49.525142669677734,52.15953826904297,9.224186897277832,,19.837905883789062,15.738649368286133,60.9721565246582,49.8360481262207,20.062170028686523,34.206329345703125,32.94609451293945,44.760223388671875,57.66335678100586,20.927654266357422,20.155126571655273,43.93889617919922,47.25419235229492,32.76941680908203,46.83354187011719,36.33967971801758,24.395231246948242,48.91584396362305,20.84236717224121
2012-07-01,36.10443115234375,28.27546501159668,5.409999847412109,61.190460205078125,17.789318084716797,,59.56724166870117,67.1181869506836,2.9700000286102295,6.043505668640137,8.326020240783691,61.12739181518555,8.273744583129883,59.11802673339844,28.492630004882812,40.419925689697266,32.73458480834961,31.14708137512207,29.639495849609375,7.4878363609313965,60.6544075012207,46.43657684326172,77.9441146850586,163.6839599609375,40.68876266479492,,,39.253841400146484,18.920387268066406,31.022865295410156,59.42818832397461,49.67250061035156,51.396209716796875,53.81654739379883,9.034546852111816,,20.847984313964844,16.06795883178711,63.70037841796875,50.816795349121094,21.934934616088867,33.712677001953125,33.32231521606445,46.51975631713867,52.966129302978516,21.041763305664062,20.603517532348633,45.15419006347656,45.3642692565918,27.830900192260742,47.77477264404297,36.88471984863281,25.12562370300293,49.647586822509766,19.856964111328125
2012-08-01,37.081268310546875,31.2945556640625,5.349999904632568,59.4669075012207,18.966564178466797,,60.35950469970703,68.29594421386719,3.338749885559082,5.953770637512207,8.49199390411377,63.067481994628906,7.416361331939697,57.80205535888672,30.4240779876709,39.658470153808594,35.0265007019043,32.05146789550781,30.5061092376709,7.482633113861084,58.8609733581543,47.951778411865234,77.79385375976562,165.2272186279297,41.232181549072266,,,42.8296012878418,19.416303634643555,35.0301628112793,61.34040451049805,50.7396240234375,52.3532600402832,53.01534652709961,9.541672706604004,,21.21151351928711,16.106178283691406,63.750423431396484,54.72844314575195,20.964427947998047,36.41324996948242,34.60552215576172,45.74778366088867,59.518192291259766,23.200016021728516,22.356719970703125,44.9416618347168,44.61639404296875,31.103992462158203,46.1299934387207,36.42315673828125,25.257095336914062,50.2291259765625,20.1951904296875
2012-09-01,37.70468521118164,32.38954162597656,6.039999961853027,57.96772003173828,19.101848602294922,,60.8617057800293,64.84986114501953,3.466249942779541,5.500476360321045,8.70418643951416,65.5416030883789,7.853625297546387,63.82560348510742,31.308231353759766,40.35148239135742,33.33457565307617,33.87907409667969,30.289453506469727,7.465266704559326,56.93207931518555,48.39828872680664,85.95804595947266,167.16053771972656,42.149208068847656,,,43.23459243774414,19.374980926513672,38.4550895690918,62.84800720214844,50.6409797668457,51.99320983886719,46.55486297607422,9.636494636535645,,21.23063850402832,16.15056800842285,66.61988830566406,52.8221435546875,21.038925170898438,35.701839447021484,34.32856750488281,53.426334381103516,60.91361999511719,22.31529426574707,22.75782012939453,43.92765426635742,43.262386322021484,31.48906135559082,45.26482391357422,37.42533874511719,23.672868728637695,52.61689376831055,20.91021156311035
2012-10-01,37.14547348022461,32.48090362548828,7.809999942779541,58.6673698425293,19.34084129333496,,60.35394287109375,65.81336975097656,3.598750114440918,5.426253318786621,8.784026145935059,61.987892150878906,8.256596565246582,66.12417602539062,30.639873504638672,43.34883117675781,33.44506072998047,34.121253967285156,30.5061092376709,7.7996721267700195,61.890586853027344,50.21347427368164,79.71272277832031,161.57701110839844,43.20029067993164,,,44.5868034362793,18.717342376708984,34.37083053588867,63.04319763183594,47.999881744384766,53.76206970214844,45.24711990356445,10.732783317565918,,20.885093688964844,17.50250816345215,62.69827651977539,53.968963623046875,21.681333541870117,35.6425666809082,33.86860275268555,48.55665588378906,62.65810775756836,23.415620803833008,22.894088745117188,45.53007125854492,44.27790832519531,39.142311096191406,48.601924896240234,38.17580032348633,24.159908294677734,52.45576858520508,20.251800537109375
2012-11-01,36.470584869384766,34.10724639892578,8.260000228881836,62.24586486816406,19.070213317871094,,60.659969329833984,69.3858413696289,3.768749952316284,5.274951934814453,8.84166431427002,59.94183349609375,8.573824882507324,65.0484619140625,33.65386199951172,44.547950744628906,34.97542190551758,37.690914154052734,31.418622970581055,7.29539680480957,60.333580017089844,49.048118591308594,79.97769165039062,156.26412963867188,43.56483840942383,,,44.761295318603516,19.76222801208496,35.66764450073242,63.574432373046875,50.16591262817383,52.64949035644531,44.53173828125,10.688036918640137,,20.962404251098633,17.815807342529297,65.81561279296875,60.54737091064453,21.77309799194336,36.787410736083984,33.54668426513672,50.38542556762695,63.9798583984375,24.286924362182617,22.785076141357422,45.69546890258789,44.55453109741211,39.97983932495117,47.38496398925781,39.46811294555664,24.301048278808594,51.02993392944336,21.779460906982422
2012-12-01,36.86906814575195,34.38184356689453,8.9399995803833,63.150901794433594,19.01540756225586,,64.13713836669922,76.58879852294922,3.6875,5.266943454742432,8.726449012756348,61.33134078979492,10.177132606506348,67.24012756347656,34.775840759277344,47.05180740356445,36.87635803222656,39.150569915771484,33.20701599121094,8.237507820129395,61.80940246582031,51.47725296020508,80.1728286743164,162.9892578125,45.084957122802734,,,44.481178283691406,20.375228881835938,37.05257797241211,62.88621520996094,51.21395492553711,53.34410095214844,45.60849380493164,10.95651912689209,,20.432310104370117,18.66064453125,68.14698028564453,64.17689514160156,22.61086654663086,37.65991973876953,34.538516998291016,52.1941032409668,64.13977813720703,23.95912742614746,23.988096237182617,46.7896614074707,44.9323616027832,43.82090759277344,48.459312438964844,40.830055236816406,25.17400550842285,50.10939025878906,22.622587203979492
2013-01-01,38.3974723815918,37.511627197265625,8.369999885559082,61.90227127075195,20.330595016479492,,70.42130279541016,81.16926574707031,4.488749980926514,5.8809285163879395,9.016619682312012,65.30707550048828,11.909043312072754,73.18451690673828,36.612266540527344,51.03364944458008,39.863494873046875,41.15216827392578,36.019752502441406,8.790300369262695,68.36639404296875,49.270137786865234,85.10006713867188,175.4327392578125,48.47325134277344,,,45.95875930786133,21.159448623657227,34.96382522583008,59.19303512573242,55.46107482910156,51.33917236328125,51.1549186706543,11.915369987487793,,21.450641632080078,19.42424201965332,74.48420715332031,68.15022277832031,24.58441162109375,40.2131233215332,35.324954986572266,54.212158203125,63.70705032348633,25.672630310058594,25.039682388305664,48.925941467285156,48.32072830200195,48.73054122924805,52.44292449951172,43.6658821105957,27.143756866455078,52.08945083618164,23.315454483032227
2013-02-01,39.738037109375,38.28032302856445,7.46999979019165,64.8553237915039,18.681922912597656,,66.1125717163086,82.25038146972656,4.267499923706055,6.162686347961426,9.366532325744629,66.95865631103516,12.23484992980957,68.33718872070312,39.010406494140625,48.11088943481445,39.76121139526367,44.77961730957031,32.61928176879883,9.135331153869629,71.04847717285156,50.51117706298828,89.41617584228516,183.06356811523438,50.08638000488281,,,44.98590087890625,22.405357360839844,36.3790283203125,60.76344680786133,57.7182731628418,52.28022766113281,54.259742736816406,11.49986743927002,,21.752859115600586,19.667282104492188,76.0419921875,69.3855209350586,24.23749351501465,41.83030700683594,33.3082160949707,55.53165054321289,66.95259857177734,26.302080154418945,23.070268630981445,51.294471740722656,50.743743896484375,51.41640853881836,55.589874267578125,45.6343879699707,27.845115661621094,52.17752456665039,23.050418853759766
2013-03-01,42.40922164916992,39.736671447753906,7.949999809265137,72.40348052978516,19.583642959594727,,62.24760437011719,82.20780181884766,4.283750057220459,6.616692543029785,9.415604591369629,67.91313934326172,14.15538501739502,67.29280853271484,38.760433197021484,50.26680374145508,39.179168701171875,44.55820083618164,29.99966812133789,9.082246780395508,66.26207733154297,52.39876174926758,89.03105926513672,181.86721801757812,53.837501525878906,,,44.853668212890625,22.398359298706055,35.346099853515625,66.64645385742188,59.00029754638672,55.83826446533203,57.253108978271484,12.209421157836914,,23.033977508544922,20.956335067749023,73.70794677734375,66.3210220336914,25.624887466430664,43.16072082519531,33.05961608886719,57.4921760559082,71.92912292480469,27.588905334472656,22.48278045654297,53.27727127075195,52.7391357421875,52.918174743652344,58.584716796875,47.65035629272461,29.544944763183594,52.5037956237793,23.1007080078125
2013-04-01,43.915672302246094,37.30812072753906,8.8100004196167,77.0926513671875,20.16167640686035,,60.99066925048828,75.52100372314453,4.40625,6.605945110321045,9.57348918914795,69.7364273071289,14.695537567138672,69.8912124633789,36.686256408691406,53.417755126953125,38.92671203613281,44.67460250854492,30.167593002319336,8.71374225616455,63.434818267822266,55.41014099121094,85.83489990234375,199.23910522460938,52.544246673583984,,,47.51810073852539,22.59880256652832,35.23931121826172,68.42103576660156,58.11232376098633,60.287818908691406,57.50563049316406,12.305305480957031,,23.920913696289062,20.633033752441406,71.28533935546875,65.11518859863281,26.463531494140625,42.172142028808594,34.485286712646484,53.118289947509766,69.05046081542969,26.982067108154297,23.541790008544922,55.35359191894531,52.702274322509766,50.646263122558594,58.270965576171875,48.97099304199219,30.878639221191406,51.85121154785156,23.25996208190918
2013-05-01,44.81565475463867,39.544219970703125,9.489999771118164,83.94021606445312,20.08875274658203,,61.80466079711914,85.27825164794922,4.298749923706055,6.8128981590271,9.739912033081055,70.72516632080078,15.441461563110352,68.17718505859375,41.80116653442383,53.34315490722656,40.57613754272461,48.40036392211914,33.0221061706543,9.26978588104248,65.00702667236328,57.76261520385742,89.80122375488281,208.8760986328125,56.34878921508789,,,51.617774963378906,23.787843704223633,38.51510238647461,73.86658477783203,61.54692077636719,66.07960510253906,57.25895309448242,13.762770652770996,,24.45964241027832,22.3006649017334,80.68141174316406,68.00209045410156,26.479055404663086,44.0856819152832,34.11369705200195,56.24959182739258,68.72119140625,28.852745056152344,23.359041213989258,58.09929275512695,53.10899353027344,54.71836853027344,55.922645568847656,51.36052703857422,31.59446144104004,53.078216552734375,23.68181800842285
2013-06-01,45.19559860229492,38.820003509521484,8.520000457763672,86.83937072753906,19.541013717651367,,59.42034912109375,77.31571960449219,3.8499999046325684,6.267002582550049,9.716440200805664,68.18424987792969,16.041627883911133,63.98663330078125,41.486000061035156,51.617610931396484,38.514137268066406,48.21719741821289,32.184505462646484,8.134599685668945,66.6209945678711,58.684104919433594,90.01386260986328,204.60836791992188,56.98079299926758,,,51.19808578491211,23.182764053344727,37.838985443115234,75.70220947265625,61.033451080322266,66.40846252441406,54.313392639160156,13.302517890930176,,23.986618041992188,22.32563018798828,77.15524291992188,64.23194122314453,26.5380802154541,43.175148010253906,32.79273223876953,55.22791290283203,73.74006652832031,27.948286056518555,23.16722869873047,57.97154235839844,53.46758270263672,48.04705047607422,56.7592887878418,49.88988494873047,30.656761169433594,53.007816314697266,22.67193031311035
2013-07-01,47.31558609008789,42.47256851196289,8.880000114440918,89.09429168701172,19.400554656982422,,60.139244079589844,86.39027404785156,4.06374979019165,6.704799652099609,10.136762619018555,72.53434753417969,18.20223617553711,65.41992950439453,45.748897552490234,55.3840446472168,43.33723068237305,50.517791748046875,34.11354064941406,8.757126808166504,71.63549041748047,64.39232635498047,94.59413146972656,212.68948364257812,59.5949821472168,,,53.3223876953125,24.603822708129883,43.847137451171875,83.8405990600586,65.54328918457031,73.83529663085938,55.084110260009766,13.960931777954102,,26.144601821899414,23.411535263061523,83.52821350097656,74.82392883300781,26.51462745666504,49.04241180419922,35.131385803222656,60.457767486572266,78.79076385498047,30.7320499420166,25.2365779876709,59.591064453125,53.665428161621094,55.180458068847656,61.18975067138672,54.213134765625,31.948991775512695,55.0025749206543,20.980377197265625
2013-08-01,46.70519256591797,39.38900375366211,11.640000343322754,88.49496459960938,19.587825775146484,,59.870853424072266,88.26866149902344,3.971250057220459,6.6912055015563965,10.190101623535156,69.9616928100586,16.964677810668945,65.86882781982422,45.63447570800781,51.94023513793945,42.9129753112793,46.67717361450195,34.31660079956055,7.8569464683532715,72.55460357666016,62.8153190612793,89.81977844238281,201.4066925048828,57.4331169128418,,,52.900482177734375,23.352787017822266,43.50908279418945,86.25038146972656,63.74509048461914,74.49261474609375,54.33119583129883,13.877830505371094,,25.640806198120117,22.384220123291016,81.18736267089844,75.515380859375,25.419939041137695,46.735443115234375,33.66688537597656,60.915008544921875,74.65478515625,29.770566940307617,26.31167984008789,57.99177551269531,53.2889289855957,52.725643157958984,59.117130279541016,54.67955017089844,30.7403564453125,51.489688873291016,20.95155143737793
2013-09-01,47.787841796875,42.290992736816406,14.880000114440918,100.05924224853516,19.934049606323242,,60.49463653564453,95.1968765258789,3.973750114440918,6.998440265655518,10.924062728881836,70.58328247070312,20.283662796020508,64.48544311523438,48.199214935302734,52.608272552490234,45.99089050292969,50.746307373046875,37.2778434753418,8.978601455688477,77.22250366210938,66.0372314453125,93.44512176513672,213.09939575195312,59.937686920166016,,,56.76198959350586,24.723976135253906,45.89031982421875,89.86470794677734,67.01709747314453,76.90650939941406,58.238861083984375,14.699249267578125,,26.94007682800293,23.240161895751953,88.31107330322266,83.05681610107422,26.285106658935547,50.33981704711914,34.23503494262695,65.08625030517578,75.5811538696289,32.7964973449707,27.94158363342285,58.67164611816406,56.8942756652832,56.1142578125,61.76019287109375,58.744075775146484,31.636070251464844,50.82805252075195,23.614877700805664
2013-10-01,49.537471771240234,43.9543342590332,17.780000686645508,111.12962341308594,22.054086685180664,,60.88910675048828,91.00553894042969,4.028749942779541,7.085448265075684,11.472399711608887,69.6886215209961,22.682626724243164,64.8419418334961,49.250892639160156,56.845062255859375,47.6044807434082,52.32249450683594,38.31850051879883,8.944825172424316,88.65261840820312,65.7993392944336,102.24593353271484,219.01097106933594,62.60114669799805,,,58.63744354248047,25.948261260986328,47.948795318603516,93.94403076171875,70.63145446777344,86.79635620117188,65.15177917480469,14.990100860595703,,28.249109268188477,23.21510887145996,94.809326171875,85.75184631347656,26.371774673461914,49.606807708740234,34.75627899169922,56.83639144897461,79.23760223388672,34.21012878417969,29.514257431030273,57.18350601196289,61.17208480834961,62.17910385131836,65.14482116699219,60.91181564331055,33.40045928955078,52.94294738769531,29.291921615600586
2013-11-01,52.83203125,45.23172378540039,17.190000534057617,114.7396469116211,22.56974983215332,,61.79486083984375,95.28059387207031,4.303750038146973,7.455244541168213,12.012386322021484,71.72663879394531,24.974336624145508,66.74348449707031,48.88699722290039,59.37837600708008,47.929561614990234,53.87972640991211,37.008811950683594,8.35245418548584,93.86348724365234,69.6198501586914,104.2799301147461,210.74205017089844,64.21175384521484,,,59.22536849975586,27.07705307006836,50.25096130371094,100.74951171875,75.29818725585938,91.46855163574219,66.41663360595703,16.46993637084961,,29.224817276000977,24.01364517211914,96.09202575683594,88.6659927368164,27.506383895874023,52.044921875,35.245201110839844,58.489234924316406,85.2917251586914,36.18076705932617,29.099384307861328,61.5005989074707,64.1435546875,66.16458892822266,61.90279769897461,64.51172637939453,35.04209518432617,55.59898376464844,29.342859268188477
2013-12-01,53.6751708984375,48.461830139160156,15.880000114440918,116.65410614013672,23.33791732788086,,66.33086395263672,101.47859191894531,4.581250190734863,7.865325927734375,12.897627830505371,73.17359924316406,23.67304801940918,72.76820373535156,52.011802673339844,60.930519104003906,50.211917877197266,56.445404052734375,37.69889450073242,8.528369903564453,97.39903259277344,72.57447814941406,110.52574157714844,208.69940185546875,66.28661346435547,,,62.8899040222168,29.135873794555664,54.37947463989258,105.72052001953125,79.0994873046875,93.03523254394531,70.30968475341797,16.946157455444336,,30.427764892578125,25.184804916381836,104.89883422851562,92.24134063720703,26.363149642944336,53.42516326904297,37.66006088256836,58.35171127319336,87.74388885498047,39.0699577331543,29.9711856842041,63.76264572143555,65.83516693115234,75.0404052734375,62.48276138305664,69.4389419555664,34.697975158691406,60.19059753417969,29.3768310546875
2014-01-01,50.88511657714844,45.471492767333984,16.059999465942383,107.05614471435547,22.51213836669922,,69.04348754882812,91.40776062011719,4.284999847412109,7.356829643249512,12.35219955444336,65.39401245117188,26.379030227661133,68.48957824707031,46.634986877441406,61.785926818847656,47.17831039428711,54.19855880737305,34.81077194213867,7.930380821228027,90.31951904296875,77.40115356445312,99.09069061279297,191.589599609375,66.18504333496094,,,58.99296951293945,28.857017517089844,54.01337814331055,107.32059478759766,72.29776000976562,93.79829406738281,70.12792205810547,17.336097717285156,,28.183109283447266,23.83555030822754,92.44698333740234,89.64960479736328,25.434093475341797,53.52842712402344,36.5134162902832,55.972530364990234,91.01889038085938,37.28771209716797,27.965606689453125,66.13098907470703,59.66390609741211,77.91881561279297,60.7143669128418,69.00885772705078,32.30847930908203,54.81389236450195,28.32402801513672
2014-02-01,51.66897964477539,48.986289978027344,19.229999542236328,110.80570220947266,24.5864315032959,,71.29325866699219,105.502685546875,4.553750038146973,7.61737585067749,13.129218101501465,68.16162109375,28.6752986907959,68.46568298339844,50.804969787597656,62.00821304321289,47.002967834472656,55.39985275268555,33.66063690185547,8.518885612487793,90.32630920410156,83.68889617919922,101.30882263183594,209.21536254882812,68.84423828125,,,61.7081184387207,30.061479568481445,57.503108978271484,116.38311004638672,76.48553466796875,98.75411987304688,70.02485656738281,17.016477584838867,,28.14267921447754,28.118818283081055,98.72267150878906,96.37849426269531,27.085758209228516,55.22528076171875,39.00203323364258,60.0511360168457,97.07302856445312,38.7781982421875,31.746862411499023,68.81172943115234,60.4276123046875,85.04259490966797,60.581275939941406,74.24771881103516,32.09195327758789,57.663917541503906,33.52316665649414
2014-03-01,51.641761779785156,47.4295768737793,18.290000915527344,107.8576431274414,23.3670654296875,,73.05773162841797,107.72235870361328,4.548749923706055,7.963742256164551,12.901954650878906,70.2774429321289,29.918684005737305,72.76605987548828,53.31654739379883,60.211524963378906,48.112144470214844,56.07318115234375,33.76286315917969,8.899786949157715,89.90287780761719,83.21519470214844,102.9793930053711,207.27923583984375,67.61959075927734,,,61.15137481689453,30.218263626098633,57.310760498046875,117.05714416503906,77.01348876953125,100.67159271240234,74.03235626220703,18.135143280029297,,28.70877456665039,28.8021297454834,98.03475952148438,97.7201156616211,27.33523941040039,55.140350341796875,39.10371017456055,59.1053352355957,100.9201889038086,36.456947326660156,32.487640380859375,71.58892059326172,61.44343948364258,91.39625549316406,57.006492614746094,72.49839782714844,32.83054733276367,58.50849151611328,31.027040481567383
2014-04-01,52.10966110229492,48.56258010864258,16.149999618530273,110.89164733886719,24.59128761291504,,77.94732666015625,109.06720733642578,4.533750057220459,7.757571220397949,12.754773139953613,74.18405151367188,31.801010131835938,74.80157470703125,56.34922790527344,62.67202377319336,49.106075286865234,54.221981048583984,35.134521484375,9.085549354553223,92.40546417236328,84.11034393310547,106.95698547363281,208.7066650390625,67.72161865234375,,,64.08372497558594,29.272891998291016,57.59274673461914,117.70254516601562,78.96070098876953,99.14580535888672,72.43397521972656,19.378459930419922,,28.176372528076172,27.324443817138672,103.90650177001953,93.50691223144531,28.079435348510742,55.843502044677734,42.143795013427734,62.48841857910156,96.9258804321289,38.08745193481445,35.280784606933594,72.64563751220703,62.15012741088867,90.32766723632812,57.13008117675781,69.73876953125,34.68785095214844,61.3416748046875,32.023780822753906
2014-05-01,53.25933074951172,48.894195556640625,13.270000457763672,116.8985595703125,24.792421340942383,,75.6030044555664,111.04143524169922,4.446249961853027,8.126097679138184,13.445220947265625,73.19005584716797,34.5153923034668,73.06257629394531,57.10273742675781,62.880653381347656,48.36631774902344,55.37930679321289,39.04424285888672,8.844259262084961,97.77006530761719,90.77306365966797,106.55924224853516,212.87484741210938,68.23805236816406,,,65.07621765136719,31.233949661254883,60.844688415527344,118.32199096679688,81.42131805419922,99.759033203125,77.20004272460938,20.442790985107422,,27.946455001831055,27.15586280822754,102.95574188232422,95.46063232421875,28.327495574951172,55.12162399291992,42.570526123046875,63.587005615234375,102.8328857421875,38.10019302368164,34.8050537109375,76.01795196533203,65.97795104980469,97.27819061279297,56.274410247802734,73.69725799560547,34.86734390258789,60.62439727783203,31.8873348236084
2014-06-01,53.31427001953125,48.23797607421875,13.300000190734863,109.96675109863281,25.922691345214844,,80.36561584472656,112.02891540527344,4.494999885559082,8.515817642211914,13.752562522888184,77.81546020507812,33.48624038696289,73.04874420166016,59.572078704833984,64.43512725830078,48.09815216064453,58.00209045410156,37.886051177978516,8.978510856628418,102.81417083740234,89.56656646728516,105.39289855957031,209.49679565429688,68.09153747558594,,,66.1491470336914,32.636756896972656,59.663246154785156,116.21076202392578,81.81546020507812,98.18326568603516,78.94712829589844,20.353296279907227,,28.252363204956055,26.9287052154541,103.36682891845703,98.67733001708984,30.594873428344727,54.756431579589844,44.61239242553711,64.26017761230469,104.52888488769531,39.97220993041992,36.183223724365234,76.44611358642578,65.20308685302734,100.82081604003906,57.06351852416992,77.3006820678711,35.201866149902344,60.714866638183594,33.40904235839844
2014-07-01,54.679405212402344,44.92552947998047,12.0600004196167,104.13262939453125,24.065109252929688,,74.97962188720703,101.2101058959961,4.172500133514404,8.26982307434082,13.549105644226074,77.03462219238281,32.39655685424805,68.66015625,56.17262649536133,67.58849334716797,46.13390350341797,51.40341567993164,37.045284271240234,8.092851638793945,99.75785064697266,90.21549987792969,100.8612060546875,193.7435760498047,67.27107238769531,,,62.22825241088867,31.006420135498047,53.77174758911133,120.7223892211914,80.47319030761719,101.17068481445312,78.32888793945312,20.289369583129883,,28.133800506591797,26.688695907592773,94.50421905517578,88.0338363647461,30.562658309936523,49.87125015258789,44.31992721557617,63.98944854736328,104.94135284423828,37.59344482421875,32.32435607910156,75.3425064086914,61.66537857055664,101.94715118408203,57.082557678222656,75.51300811767578,35.32779312133789,59.665550231933594,30.169023513793945
2014-08-01,56.13868713378906,48.846954345703125,15.670000076293945,110.2588119506836,23.796409606933594,,81.17150115966797,105.93556213378906,4.303750038146973,8.588028907775879,14.31530475616455,77.81562805175781,34.31523513793945,67.83728790283203,57.81421661376953,70.1844711303711,46.72267532348633,52.83380889892578,35.432373046875,8.260692596435547,100.43702697753906,95.22188568115234,104.18981170654297,203.78182983398438,70.0928955078125,,,66.64020538330078,32.06273651123047,56.22917938232422,126.76033020019531,82.73995971679688,104.98841857910156,82.44337463378906,21.30895233154297,,28.57284927368164,27.016433715820312,95.34748077392578,92.41602325439453,31.69072151184082,51.503143310546875,44.375938415527344,66.95292663574219,117.48406982421875,38.495079040527344,33.0560302734375,81.06045532226562,62.24947738647461,113.2585678100586,61.028114318847656,78.07915496826172,36.964717864990234,60.39698028564453,31.853147506713867
2014-09-01,56.19228744506836,46.40729522705078,15.4399995803833,110.76313781738281,21.861461639404297,,73.69956970214844,96.3501968383789,3.9149999618530273,8.907543182373047,15.278456687927246,71.72624206542969,31.341474533081055,66.6240463256836,52.85322570800781,66.60215759277344,45.671730041503906,47.9598503112793,34.81467819213867,8.191367149353027,109.7967300415039,98.18868255615234,103.61381530761719,208.29286193847656,68.53984069824219,,,64.14313507080078,32.02680587768555,52.65128707885742,133.15664672851562,81.40694427490234,108.73504638671875,85.9876480102539,22.577836990356445,,30.322221755981445,24.465770721435547,94.2330322265625,87.08235168457031,31.66823387145996,50.36796188354492,41.72336196899414,65.3409194946289,115.19676971435547,36.1910514831543,32.70922088623047,83.48602294921875,62.86344909667969,106.95304107666016,57.89067840576172,75.90611267089844,37.704612731933594,57.11178207397461,30.443178176879883
2014-10-01,63.00153350830078,48.20038604736328,18.84000015258789,108.6153793334961,21.617719650268555,,76.04570770263672,106.71672058105469,4.179999828338623,9.899430274963379,15.852021217346191,72.10494995117188,34.87877655029297,69.50872039794922,52.267662048339844,67.4932861328125,46.751853942871094,51.75910949707031,36.59916305541992,8.081913948059082,113.84313201904297,108.53498840332031,104.3821792602539,204.27850341796875,70.74795532226562,,,69.18069458007812,30.984697341918945,55.188697814941406,138.83172607421875,88.35365295410156,113.85160827636719,85.24797821044922,23.290590286254883,,32.47014617919922,28.0960693359375,104.86573791503906,89.03986358642578,31.165050506591797,51.03572463989258,39.34479522705078,68.9100570678711,116.88411712646484,40.21085739135742,30.394973754882812,89.66932678222656,67.09742736816406,105.95187377929688,59.27875518798828,80.8329086303711,38.78347396850586,58.7270393371582,31.302818298339844
2014-11-01,65.97518157958984,47.100494384765625,21.479999542236328,117.51428985595703,19.844287872314453,,75.4383316040039,106.88372802734375,4.542500019073486,10.181379318237305,16.218591690063477,66.05139923095703,40.54838562011719,70.38632202148438,50.90061950683594,71.11551666259766,46.866817474365234,51.705474853515625,40.45294952392578,8.29478645324707,121.17424774169922,112.88387298583984,107.13231658935547,204.22271728515625,73.31269073486328,,,72.12873077392578,30.963054656982422,57.2121467590332,140.6713104248047,92.47872924804688,116.88053131103516,86.47151184082031,25.90186882019043,,32.79526138305664,28.922941207885742,107.04454040527344,91.99683380126953,32.14707565307617,52.7924919128418,36.88376998901367,69.498779296875,123.60855102539062,40.493404388427734,28.23296546936035,90.28180694580078,70.73802947998047,109.08055114746094,58.926971435546875,82.93958282470703,38.65654373168945,55.37725830078125,33.0074348449707
2014-12-01,64.59766387939453,48.72988510131836,26.479999542236328,113.68345642089844,19.23866844177246,,68.63685607910156,105.81944274902344,4.56125020980835,10.108835220336914,17.391475677490234,68.05957794189453,42.73784637451172,72.37081146240234,47.41645050048828,72.29553985595703,45.381771087646484,51.804561614990234,38.543487548828125,8.72788143157959,118.23259735107422,106.87312316894531,103.16046905517578,211.87855529785156,73.94170379638672,,,72.3154296875,31.655927658081055,57.33188247680664,141.41297912597656,94.9222640991211,122.23822021484375,84.89917755126953,24.815174102783203,,31.937503814697266,29.790081024169922,106.97817993164062,88.64089965820312,32.8917236328125,55.152042388916016,37.183685302734375,71.09696197509766,122.70863342285156,40.86758804321289,26.358287811279297,92.10646057128906,71.54244232177734,98.20236206054688,60.895015716552734,81.43995666503906,41.026344299316406,56.545475006103516,32.77499008178711
2015-01-01,63.946807861328125,44.35040283203125,27.010000228881836,127.14387512207031,19.596996307373047,,60.45994567871094,102.36234283447266,4.574999809265137,9.291305541992188,17.44912338256836,62.20488739013672,41.10445022583008,69.68766784667969,46.305747985839844,75.5049057006836,41.8603401184082,48.09226989746094,37.73995590209961,8.198542594909668,115.13484191894531,103.91598510742188,97.52685546875,196.04312133789062,72.34329223632812,,,71.08599853515625,29.580982208251953,53.587989807128906,138.3287353515625,93.7553939819336,130.16680908203125,78.98158264160156,22.411640167236328,,31.563875198364258,26.329673767089844,96.6163558959961,86.82343292236328,32.425907135009766,55.046504974365234,34.12900161743164,69.29883575439453,128.44566345214844,42.80813980102539,26.517868041992188,90.62200164794922,63.607566833496094,79.75752258300781,61.18022918701172,78.21569061279297,41.1142692565918,53.468971252441406,29.357152938842773
2015-02-01,68.83602142333984,49.20208740234375,23.479999542236328,132.7528533935547,21.222925186157227,,62.67512512207031,104.9948959350586,4.677499771118164,9.616374015808105,18.50893211364746,65.35859680175781,38.758331298828125,74.11319732666016,47.893306732177734,83.47020721435547,42.92842483520508,54.12953567504883,41.73168182373047,7.6722822189331055,120.4929428100586,108.26103973388672,107.07508850097656,197.82595825195312,76.43745422363281,,,75.49211120605469,30.603012084960938,62.00975799560547,147.9895477294922,98.02953338623047,138.0047149658203,85.01825714111328,24.968591690063477,,34.75792694091797,28.15355682373047,102.32050323486328,93.82492065429688,33.43923568725586,58.78104782104492,36.830081939697266,72.76932525634766,135.52633666992188,43.31745147705078,27.609270095825195,93.3988265991211,65.93644714355469,89.58641052246094,68.27278137207031,88.99917602539062,43.55250930786133,54.561614990234375,30.85679817199707
2015-03-01,66.74059295654297,48.73062515258789,24.110000610351562,132.0752410888672,20.02964973449707,,60.50529479980469,102.34474182128906,4.696249961853027,9.282838821411133,18.098756790161133,64.31707763671875,39.141395568847656,72.22510528564453,45.94566345214844,83.39847564697266,41.964908599853516,52.201541900634766,41.62800598144531,7.651972770690918,112.77326965332031,105.8818130493164,102.21365356445312,196.90744018554688,77.57530975341797,,,74.55327606201172,31.211891174316406,63.2608528137207,150.14218139648438,95.87884521484375,134.04888916015625,80.15827178955078,24.706506729125977,,34.6045036315918,27.75357437133789,99.0596923828125,92.98319244384766,33.3776969909668,56.51001739501953,33.60737609863281,70.93931579589844,136.688720703125,44.08425521850586,25.93755340576172,84.11796569824219,62.83180618286133,87.75733947753906,67.88297271728516,89.11170959472656,43.657875061035156,52.38015365600586,30.269039154052734
2015-04-01,65.88335418701172,48.61932373046875,30.190000534057617,126.14380645751953,22.10379981994629,,66.22848510742188,102.06423950195312,4.446249961853027,10.115270614624023,17.726272583007812,68.04206848144531,38.8628044128418,74.55603790283203,50.33283615112305,86.92271423339844,43.60289001464844,53.22954177856445,39.597591400146484,7.922590255737305,115.58153533935547,107.67244720458984,111.56571960449219,207.44540405273438,75.05416870117188,,,71.821044921875,28.682575225830078,64.44962310791016,138.03970336914062,90.90327453613281,128.28585815429688,78.99261474609375,22.734451293945312,,33.74671936035156,28.72498893737793,99.54340362548828,95.07551574707031,33.43531036376953,54.84653854370117,35.737056732177734,73.4239730834961,132.57034301757812,42.6337776184082,28.256574630737305,82.50254821777344,65.15864562988281,92.97502899169922,71.3436508178711,88.21131134033203,39.87413787841797,53.84061813354492,31.997722625732422
2015-05-01,66.63932037353516,49.86216735839844,31.579999923706055,124.45460510253906,21.532936096191406,,65.03931427001953,100.61168670654297,4.324999809265137,9.601600646972656,19.087614059448242,63.73283386230469,37.44216537475586,77.15875244140625,50.38123321533203,90.2328109741211,45.051666259765625,55.44453430175781,39.91206359863281,7.716253757476807,118.06936645507812,109.89929962158203,112.34850311279297,201.6403045654297,77.87129974365234,,,72.012939453125,29.396350860595703,64.00921630859375,140.3233184814453,93.05155944824219,133.23545837402344,72.48584747314453,21.73724365234375,,34.72736740112305,28.030458450317383,100.95612335205078,99.03532409667969,33.155517578125,56.80533981323242,34.15125274658203,76.2061996459961,141.26336669921875,44.53752899169922,26.371061325073242,78.79196166992188,64.78524017333984,85.59132385253906,69.00486755371094,94.13020324707031,39.97075653076172,52.93764114379883,31.729713439941406
2015-06-01,62.895103454589844,50.89176940917969,33.310001373291016,122.86041259765625,20.75388526916504,,64.65816497802734,97.37548065185547,4.434999942779541,9.19871711730957,18.755033493041992,59.69229507446289,35.837005615234375,80.44792938232422,46.89330291748047,87.31884002685547,41.40630340576172,52.269187927246094,40.14714431762695,7.840798854827881,116.30643463134766,111.6420669555664,110.39569854736328,198.55274963378906,76.20477294921875,,,70.81693267822266,28.02704620361328,62.14275360107422,138.60842895507812,90.25557708740234,132.77513122558594,68.83003997802734,21.92902183532715,,32.94918441772461,28.140722274780273,97.51911163330078,100.44560241699219,32.461524963378906,53.780128479003906,32.60152053833008,78.68852996826172,140.40719604492188,43.84219741821289,26.02207374572754,74.46625518798828,63.27692794799805,84.3494873046875,69.17597198486328,88.44297790527344,37.606204986572266,51.69497299194336,32.16354751586914
2015-07-01,62.53449249267578,49.28455352783203,27.219999313354492,127.68730163574219,19.20098114013672,,60.49302291870117,96.14336395263672,4.503749847412109,8.812736511230469,18.956798553466797,54.74834060668945,38.68092727661133,78.39215087890625,42.8106803894043,91.85163879394531,38.65732955932617,47.33888626098633,40.808860778808594,7.835620880126953,117.00260162353516,117.48848724365234,108.4428939819336,191.89102172851562,78.50651550292969,,,69.02700805664062,27.819927215576172,67.01496887207031,154.41525268554688,88.52416229248047,144.81130981445312,66.4427490234375,23.380081176757812,,32.90769577026367,28.594955444335938,94.51800537109375,94.11134338378906,35.24608612060547,48.63142395019531,32.87028884887695,78.87548828125,141.4258575439453,39.92748260498047,26.08557891845703,76.19966888427734,66.83546447753906,64.4895248413086,74.262451171875,94.96546173095703,41.48448181152344,49.21585464477539,29.95972442626953
2015-08-01,60.61384582519531,49.99989318847656,23.399999618530273,116.47802734375,17.71036720275879,,58.808143615722656,91.06208801269531,4.377500057220459,7.766982078552246,18.843719482421875,50.74522399902344,38.30394744873047,67.79010772705078,41.694828033447266,88.29071044921875,35.99264907836914,44.588260650634766,42.63730239868164,7.214162826538086,102.79878234863281,111.90997314453125,103.12462615966797,188.44046020507812,74.55036163330078,,,65.21573638916016,26.57502555847168,62.07004165649414,151.10459899902344,83.72135925292969,137.72216796875,61.8230094909668,21.251432418823242,,31.67365837097168,26.105716705322266,90.82085418701172,90.63076782226562,33.96154022216797,44.703697204589844,30.75182342529297,75.90708923339844,143.6319122314453,35.954246520996094,24.55612564086914,67.38771057128906,64.2160415649414,66.74215698242188,69.48020935058594,89.9421157836914,40.6163444519043,47.18657302856445,28.276958465576172
2015-09-01,63.39424133300781,48.68870544433594,22.030000686645508,116.71868133544922,16.136812210083008,,50.283897399902344,81.2116470336914,4.112500190734863,7.630815029144287,19.01222801208496,49.423179626464844,39.257625579833984,61.83039093017578,38.484413146972656,87.64141082763672,33.3150634765625,40.08723068237305,40.965579986572266,6.852892875671387,98.43907165527344,108.69522857666016,105.72437286376953,181.33091735839844,71.1108169555664,,,63.92955780029297,24.502628326416016,59.49113464355469,155.7087860107422,83.5034408569336,139.58096313476562,60.624786376953125,19.49671745300293,,33.78003692626953,23.095380783081055,82.0812759399414,82.23465728759766,34.39454650878906,43.425193786621094,27.53834342956543,72.9202880859375,132.7453155517578,33.19357681274414,24.03346824645996,69.48621368408203,64.89994812011719,57.808555603027344,70.26932525634766,82.70057678222656,40.72627639770508,46.62841796875,28.625513076782227
2015-10-01,68.6244888305664,51.015201568603516,23.40999984741211,131.97813415527344,18.850923538208008,,56.78150177001953,77.41960144042969,4.526249885559082,7.656345844268799,20.639629364013672,56.94192886352539,44.480892181396484,65.17254638671875,43.363948822021484,96.1097183227539,35.62306594848633,43.68960952758789,43.35125732421875,7.3838887214660645,106.69133758544922,117.6480484008789,121.23509216308594,177.10565185546875,77.56180572509766,,,71.40910339355469,26.83506202697754,64.35453033447266,165.11248779296875,92.59770965576172,157.91696166992188,63.50526428222656,19.797163009643555,,36.87795639038086,23.307884216308594,88.32382202148438,88.46687316894531,36.51498794555664,48.02195358276367,30.484527587890625,79.68745422363281,137.39495849609375,38.744361877441406,25.925617218017578,70.22502136230469,67.74742126464844,72.06576538085938,68.0826187133789,77.83525848388672,43.9559326171875,51.89018630981445,31.72769546508789
2015-11-01,68.04862976074219,52.5413703918457,18.700000762939453,130.44442749023438,18.569345474243164,,56.51702117919922,75.82624053955078,4.933750152587891,8.115156173706055,20.54029083251953,57.91643142700195,40.756629943847656,66.48436737060547,44.637760162353516,100.82028198242188,38.08673095703125,45.8926887512207,42.57460403442383,7.651639461517334,108.39374542236328,115.96936798095703,125.510986328125,170.07212829589844,78.51870727539062,,,72.99357604980469,26.002899169921875,68.02957916259766,165.82095336914062,92.83260345458984,157.41773986816406,75.98751831054688,20.362890243530273,,38.78691482543945,23.108930587768555,88.81700134277344,86.856201171875,36.673606872558594,47.17325973510742,29.44870948791504,82.07854461669922,146.63168334960938,38.358604431152344,26.581418991088867,66.41159057617188,68.21602630615234,75.7335433959961,71.25809478759766,75.33049011230469,43.96410369873047,51.65930938720703,32.64710998535156
2015-12-01,67.24663543701172,49.94989776611328,17.290000915527344,129.67315673828125,16.77681541442871,,52.86848831176758,66.48866271972656,4.75124979019165,7.407253265380859,20.419191360473633,57.053890228271484,44.46736526489258,64.22126770019531,41.528709411621094,100.70272064208984,36.43378448486328,41.06353759765625,39.557376861572266,7.696893692016602,102.03788757324219,108.76387023925781,131.56016540527344,171.81065368652344,78.231689453125,,,72.40872192382812,23.484352111816406,71.11476135253906,164.3001251220703,89.3109130859375,159.48724365234375,67.61817169189453,18.879859924316406,,37.814552307128906,21.715858459472656,82.29961395263672,83.73085021972656,36.96880340576172,47.18307876586914,27.09920310974121,80.65411376953125,142.7694854736328,36.33911895751953,24.515281677246094,61.862884521484375,63.72611999511719,69.83235931396484,73.0930404663086,66.8685073852539,43.950870513916016,49.31230163574219,31.929784774780273
2016-01-01,65.95281982421875,43.854129791259766,15.390000343322754,107.73658752441406,17.37253761291504,,49.024925231933594,67.90892791748047,4.18874979019165,6.570905685424805,19.26871681213379,54.84048080444336,38.8530158996582,64.84437561035156,39.59146499633789,95.66624450683594,35.02455520629883,39.85624694824219,39.574928283691406,7.708696365356445,91.0047378540039,106.4757080078125,122.90213012695312,166.80706787109375,77.95216369628906,,,70.36962127685547,25.496654510498047,71.17206573486328,159.64691162109375,89.52434539794922,156.31959533691406,56.35514831542969,17.524675369262695,,34.5267448425293,22.4809627532959,82.45231628417969,77.98616027832031,36.72509765625,43.067386627197266,25.998432159423828,71.29118347167969,140.44467163085938,33.82844543457031,24.17168426513672,56.95811462402344,61.71957015991211,46.121700286865234,69.40416717529297,60.12712478637695,43.604984283447266,49.24903869628906,31.448646545410156
2016-02-01,67.22283935546875,43.25759506225586,19.3799991607666,106.96858215332031,15.94262409210205,,53.32561492919922,74.44303131103516,4.71875,6.941622734069824,18.835887908935547,53.59003448486328,42.45233917236328,67.51359558105469,41.46099853515625,94.83434295654297,37.575992584228516,44.74851608276367,40.153812408447266,8.60766315460205,93.74420166015625,108.46563720703125,124.05626678466797,185.0418701171875,76.99036407470703,,,73.63533020019531,26.082353591918945,63.84779739379883,164.50473022460938,93.67648315429688,163.05413818359375,59.012245178222656,20.634559631347656,,37.073333740234375,23.70840835571289,86.41708374023438,85.5879898071289,38.40586471557617,47.8070068359375,27.484811782836914,71.45293426513672,133.47650146484375,36.5165901184082,24.384384155273438,62.81635284423828,64.44942474365234,49.645084381103516,69.25204467773438,66.46736145019531,45.99317932128906,51.16425704956055,32.86336135864258
2016-03-01,71.65167999267578,46.671669006347656,19.6299991607666,114.89752960205078,16.539987564086914,,60.288665771484375,83.88097381591797,5.096250057220459,7.404591083526611,20.141098022460938,61.27144241333008,42.83955001831055,65.31635284423828,43.882625579833984,103.66922760009766,41.84687042236328,49.85498809814453,42.81144332885742,9.312772750854492,111.63764190673828,104.56543731689453,135.33795166015625,199.1439971923828,85.11858367919922,,,80.4704818725586,27.21670913696289,64.1209945678711,168.8577423095703,99.5047836303711,167.87222290039062,67.14185333251953,22.25182342529297,,38.96342468261719,25.176939010620117,94.85386657714844,93.53092193603516,40.292728424072266,49.52888488769531,29.279661178588867,79.96556854248047,137.701171875,40.98511505126953,25.137372970581055,63.365970611572266,70.40374755859375,59.868675231933594,75.98329162597656,74.64868927001953,48.93876647949219,53.36018371582031,35.929195404052734
2016-04-01,70.63734436035156,44.90678787231445,18.260000228881836,122.0118637084961,18.403343200683594,,61.81502914428711,89.29044342041016,5.355000019073486,7.841676712036133,20.134376525878906,65.62594604492188,36.67058563232422,71.3567886352539,44.817169189453125,109.07538604736328,42.03923416137695,50.42079544067383,43.51311492919922,8.951666831970215,113.27734375,112.50196838378906,130.91049194335938,200.07394409179688,86.80500793457031,,,82.10440826416016,28.71891975402832,65.89165496826172,177.15191650390625,99.9526596069336,174.9637451171875,72.67449188232422,21.11079216003418,,37.59995651245117,27.11965560913086,99.0722427368164,93.30066680908203,39.802284240722656,51.641666412353516,31.962881088256836,85.06556701660156,142.40701293945312,43.31822967529297,28.087230682373047,69.48351287841797,70.13671112060547,64.43174743652344,73.75855255126953,78.07560729980469,48.76457977294922,56.43067169189453,36.70225143432617
2016-05-01,70.15809631347656,44.65464401245117,22.3700008392334,115.11383056640625,17.531667709350586,,57.67123794555664,88.08878326416016,6.18874979019165,7.653461933135986,21.26017189025879,65.5538101196289,38.36903762817383,69.81275177001953,45.82209014892578,114.35323333740234,40.389381408691406,49.560211181640625,42.934513092041016,8.806264877319336,113.1812973022461,113.58281707763672,128.6967315673828,195.85316467285156,86.92113494873047,,,83.29056549072266,31.775707244873047,65.2796401977539,181.32559204101562,101.18327331542969,180.40113830566406,68.24684143066406,20.567441940307617,,39.431640625,25.773422241210938,98.61962127685547,96.03326416015625,40.82545852661133,50.096832275390625,29.85596466064453,86.44168853759766,164.69894409179688,44.157630920410156,26.85305404663086,67.50979614257812,69.34294891357422,67.0694808959961,75.47938537597656,72.9233169555664,50.55624008178711,57.30408477783203,39.37247848510742
2016-06-01,73.82730865478516,43.25226593017578,24.8799991607666,118.50838470458984,19.826416015625,,60.295902252197266,86.5266342163086,6.12624979019165,7.55211067199707,22.006975173950195,68.03966522216797,32.162540435791016,69.26803588867188,47.586334228515625,116.78163146972656,40.498069763183594,48.03230285644531,43.36783981323242,8.492507934570312,104.39229583740234,112.11333465576172,135.0335235595703,194.90968322753906,88.82249450683594,,,82.28012084960938,31.760786056518555,69.14987182617188,190.4905242919922,105.27098083496094,189.3486785888672,69.11551666259766,19.276185989379883,,43.27153778076172,23.97968101501465,92.78865814208984,95.01539611816406,43.65068435668945,51.07805252075195,33.99971389770508,84.94470977783203,164.7926788330078,42.2944450378418,27.000690460205078,69.96357727050781,72.45731353759766,64.59541320800781,77.0861587524414,66.18509674072266,55.34129333496094,60.3424072265625,39.36368942260742
2016-07-01,71.48074340820312,44.0007438659668,28.959999084472656,121.96684265136719,19.2066707611084,,66.45774841308594,94.47594451904297,6.304999828338623,8.203654289245605,24.05674171447754,66.51438903808594,34.21077346801758,66.42176818847656,49.0347900390625,120.47428131103516,43.40188217163086,50.991607666015625,43.712730407714844,8.237818717956543,111.3526840209961,118.27297973632812,133.57513427734375,187.70509338378906,88.83013153076172,,,91.15901947021484,34.137062072753906,71.78524780273438,193.99070739746094,107.21864318847656,184.5358123779297,72.89079284667969,22.264612197875977,,43.44321823120117,27.262048721313477,98.0614242553711,94.66783142089844,43.60814666748047,53.61825180053711,31.887813568115234,92.94883728027344,174.6855926513672,44.008018493652344,27.000690460205078,74.61444854736328,72.71293640136719,76.69623565673828,81.07927703857422,64.55474090576172,55.21603775024414,57.25899124145508,42.14955139160156
2016-08-01,72.17188262939453,45.60995101928711,27.079999923706055,119.10405731201172,19.250463485717773,,65.80730438232422,97.45099639892578,6.377500057220459,8.241800308227539,26.35320472717285,65.96903991699219,32.623321533203125,72.26819610595703,50.068973541259766,120.26953125,41.26255798339844,53.98939514160156,44.791629791259766,8.3071870803833,113.43666076660156,122.5645751953125,134.00405883789062,198.9511260986328,89.57887268066406,,,93.88431549072266,32.88928985595703,77.05602264404297,187.7672119140625,108.4190673828125,181.414306640625,76.74836730957031,22.734451293945312,,44.46187973022461,27.779321670532227,105.76375579833984,96.5203628540039,42.978614807128906,53.333045959472656,30.68271827697754,94.95703125,178.2290802001953,45.15702819824219,26.804222106933594,77.04859924316406,73.98666381835938,79.23767852783203,78.95912170410156,72.29869079589844,53.395530700683594,56.57221221923828,44.97602844238281
2016-09-01,71.29859161376953,44.78657531738281,28.610000610351562,121.21105194091797,19.989559173583984,,71.28387451171875,99.42156219482422,6.695000171661377,8.888789176940918,25.252063751220703,67.50382995605469,34.94024658203125,73.48284912109375,50.856266021728516,122.71321868896484,42.69594955444336,53.31594467163086,45.560997009277344,8.050904273986816,120.43421173095703,124.93183898925781,128.0466766357422,193.9312286376953,89.48677062988281,,,95.18628692626953,33.45866012573242,76.3520736694336,185.25567626953125,106.59837341308594,183.02256774902344,79.3311767578125,21.92902183532715,,42.40990447998047,27.287242889404297,108.35323333740234,101.85714721679688,43.1922607421875,50.91270065307617,31.416841506958008,94.3662109375,180.68511962890625,45.34092330932617,27.171558380126953,78.66166687011719,74.08148956298828,75.56027221679688,77.27628326416016,77.05504608154297,53.585044860839844,56.66312026977539,46.382080078125
2016-10-01,70.37704467773438,41.33710861206055,22.3799991607666,131.04664611816406,20.211292266845703,,67.6114501953125,99.16556549072266,6.558750152587891,8.891704559326172,23.922183990478516,68.7041015625,37.07961654663086,76.02265167236328,46.19466781616211,113.03876495361328,39.696022033691406,51.74186325073242,45.516780853271484,7.569859981536865,120.18599700927734,121.97664642333984,125.7986831665039,179.50973510742188,84.63168334960938,,,90.20616912841797,32.48186111450195,74.351806640625,190.40248107910156,99.98699951171875,195.89703369140625,76.01275634765625,23.869096755981445,,40.7928352355957,25.495328903198242,105.95366668701172,99.67583465576172,45.058650970458984,51.21337127685547,31.253705978393555,87.35279846191406,186.13377380371094,44.90713119506836,27.19434928894043,71.12053680419922,72.99765014648438,72.83590698242188,77.53300476074219,72.95928192138672,55.181846618652344,54.092227935791016,42.73871612548828
2016-11-01,77.62007141113281,44.38349533081055,27.229999542236328,139.5906982421875,20.261625289916992,,77.41374969482422,110.82598876953125,6.840000152587891,10.489969253540039,26.032360076904297,73.9031982421875,42.967132568359375,86.26808166503906,50.45206069946289,104.64225006103516,44.632816314697266,54.47507858276367,46.995845794677734,9.205016136169434,132.1481170654297,141.89073181152344,132.97491455078125,200.02703857421875,88.43869018554688,14.173333168029785,,99.42772674560547,36.235965728759766,86.75019073486328,206.39784240722656,104.54845428466797,213.5619659423828,87.57829284667969,27.90268325805664,,43.564090728759766,28.966339111328125,120.52395629882812,112.00436401367188,47.50721740722656,54.3123779296875,32.660888671875,91.470703125,171.7669219970703,49.745548248291016,27.148775100708008,82.21367645263672,79.07585906982422,97.33594512939453,78.98765563964844,80.00715637207031,58.76815414428711,57.17793273925781,45.762359619140625
2016-12-01,83.58094787597656,45.640750885009766,24.239999771118164,144.33763122558594,21.633230209350586,,75.12923431396484,106.83158111572266,6.926249980926514,10.525123596191406,26.250429153442383,77.97066497802734,43.867862701416016,89.22847747802734,52.0640754699707,108.09835815429688,44.087162017822266,54.950138092041016,47.19187927246094,9.12345027923584,128.6385955810547,139.7139892578125,137.63421630859375,201.48452758789062,89.92122650146484,13.629335403442383,,97.77485656738281,33.373531341552734,85.83711242675781,194.48471069335938,108.70630645751953,199.67941284179688,88.90274047851562,27.420061111450195,,44.9903678894043,30.05038833618164,121.45221710205078,112.58234405517578,49.116973876953125,55.27036666870117,34.75731658935547,88.43273162841797,170.0795135498047,50.34453201293945,29.422700881958008,84.12034606933594,78.20271301269531,101.63909149169922,77.17172241210938,78.44804382324219,59.943172454833984,59.116615295410156,43.93470764160156
2017-01-01,82.12531280517578,47.9885139465332,24.979999542236328,151.51373291015625,20.822999954223633,,78.13774871826172,114.91413879394531,7.09250020980835,13.589213371276855,26.375370025634766,73.76407623291016,42.128841400146484,92.70099639892578,54.02352523803711,107.2297592163086,46.388397216796875,57.97243881225586,46.40773391723633,9.709718704223633,130.6489715576172,147.1629180908203,129.3587188720703,219.11279296875,91.83841705322266,16.753644943237305,,101.55937957763672,35.63408660888672,86.03814697265625,195.5663299560547,106.42345428466797,196.6745147705078,96.62734985351562,28.215906143188477,,44.89194869995117,31.654020309448242,127.63758850097656,123.96626281738281,49.40110397338867,55.29557418823242,34.763702392578125,95.61126708984375,147.83583068847656,53.23610305786133,29.1860294342041,86.47323608398438,74.44400787353516,121.7878646850586,78.5693130493164,81.86869049072266,58.751251220703125,54.94451904296875,43.7484016418457
2017-02-01,83.4508285522461,50.68376541137695,25.670000076293945,168.53639221191406,19.977434158325195,,78.95457458496094,116.8461685180664,7.392499923706055,14.278526306152344,26.806970596313477,75.23926544189453,44.70500946044922,94.81390380859375,55.963069915771484,119.87458801269531,47.8855094909668,58.95530700683594,50.23939895629883,9.778125762939453,133.3226318359375,154.2577362060547,130.87356567382812,216.14988708496094,97.15328216552734,21.220300674438477,,105.39979553222656,33.98120880126953,92.06106567382812,208.86175537109375,114.18123626708984,212.1367645263672,100.08393096923828,29.328182220458984,,45.73333740234375,31.529857635498047,134.92800903320312,127.20536041259766,53.33562469482422,57.08534622192383,33.748443603515625,98.4871826171875,173.65928649902344,53.2428092956543,28.845449447631836,88.07608795166016,72.6986083984375,123.2511215209961,78.83551788330078,75.79554748535156,61.98045349121094,53.748313903808594,42.85239028930664
2017-03-01,83.72148132324219,50.87265396118164,22.790000915527344,165.38504028320312,20.330806732177734,,75.7689437866211,118.9786376953125,7.741250038146973,13.687504768371582,28.74462890625,71.8083724975586,41.15044021606445,94.79339599609375,56.13772964477539,125.3951187133789,47.69428253173828,61.23428726196289,50.3374137878418,10.065433502197266,135.10189819335938,152.1366424560547,130.82958984375,202.89990234375,97.4419937133789,19.414474487304688,,106.28689575195312,34.33155059814453,93.65998077392578,209.660888671875,117.2325668334961,204.94529724121094,92.59188079833984,27.378694534301758,,43.85694122314453,31.71391487121582,139.70323181152344,131.08639526367188,54.35514831542969,56.91290283203125,34.29475402832031,102.9177474975586,150.4044952392578,54.83335876464844,29.49183464050293,86.42781829833984,73.75718688964844,120.3823471069336,77.1431884765625,73.78997802734375,62.004798889160156,54.204368591308594,44.72250747680664
2017-04-01,85.43856811523438,53.807613372802734,24.579999923706055,172.83790588378906,20.2130126953125,,84.22264099121094,118.7740478515625,7.724999904632568,14.948935508728027,27.82009506225586,71.36027526855469,40.68486404418945,97.18804168701172,55.110679626464844,124.0837631225586,48.02891540527344,62.46474075317383,49.98099136352539,8.794017791748047,131.32891845703125,158.20018005371094,127.2735366821289,167.97909545898438,102.33477783203125,20.14417839050293,,110.79605102539062,33.88325119018555,94.18189239501953,211.11038208007812,119.98988342285156,211.9422607421875,97.15653228759766,28.322574615478516,,44.139892578125,31.492109298706055,140.12149047851562,132.46701049804688,54.51090621948242,60.35173034667969,33.94356155395508,105.45835876464844,168.55606079101562,59.843318939208984,29.93054962158203,91.35629272460938,73.86717224121094,105.56680297851562,78.73091125488281,79.362060546875,61.88576889038086,53.966426849365234,45.782230377197266
2017-05-01,83.70512390136719,57.40105056762695,24.010000228881836,176.79946899414062,21.65842056274414,,86.83349609375,124.90678405761719,7.797500133514404,15.987531661987305,28.59470558166504,69.91075134277344,44.16983413696289,106.63604736328125,57.98483657836914,125.8074722290039,47.49201202392578,64.40277862548828,47.94645309448242,8.49681568145752,134.1950225830078,165.9228515625,120.20516967773438,151.1865234375,104.30384063720703,20.292205810546875,21.207778930664062,113.30744171142578,34.038108825683594,94.864013671875,221.68399047851562,126.03207397460938,223.36830139160156,103.09660339355469,28.578536987304688,,44.44999313354492,29.828632354736328,137.791015625,134.26766967773438,55.04743957519531,61.84947204589844,35.98980712890625,106.61247253417969,183.1415252685547,60.416507720947266,30.99878692626953,90.50090026855469,73.42279052734375,104.67151641845703,76.90553283691406,77.43282318115234,61.99628448486328,53.70875930786133,46.592777252197266
2017-06-01,84.25325775146484,57.060516357421875,25.139999389648438,186.3352813720703,20.759729385375977,,88.50542449951172,128.4868927001953,7.947500228881836,16.102630615234375,28.63105583190918,70.48501586914062,48.31439208984375,108.15189361572266,56.348201751708984,126.37770080566406,47.89369583129883,64.77729797363281,50.73090744018555,8.567671775817871,150.81455993652344,161.7186737060547,119.58113861083984,158.42642211914062,104.53913879394531,16.731651306152344,19.986921310424805,115.4637222290039,35.5548095703125,92.25900268554688,218.90818786621094,128.3249969482422,222.06214904785156,101.15985107421875,30.506572723388672,,42.731414794921875,31.28784942626953,139.8473663330078,137.00851440429688,55.42744827270508,62.272743225097656,35.182823181152344,109.46183776855469,183.6812286376953,61.90195846557617,29.392541885375977,89.36041259765625,76.62381744384766,108.50294494628906,80.21409606933594,86.66793060302734,62.73360824584961,53.86222457885742,49.532745361328125
2017-07-01,97.7801513671875,58.01198196411133,24.59000015258789,228.4645233154297,21.053302764892578,,94.52811431884766,132.98565673828125,7.872499942779541,14.562023162841797,30.632322311401367,73.76841735839844,44.376609802246094,112.25607299804688,59.00333786010742,133.75323486328125,47.88566207885742,65.12687683105469,52.88660430908203,8.519766807556152,144.36090087890625,160.9508819580078,113.38288116455078,146.32479858398438,106.7586898803711,18.31247901916504,21.23552703857422,113.4164047241211,31.938655853271484,96.81780242919922,230.35791015625,123.99799346923828,227.61563110351562,93.57909393310547,30.721179962158203,,43.77831268310547,32.429630279541016,145.23751831054688,139.60556030273438,55.85361099243164,60.46742630004883,37.39207458496094,109.43070220947266,192.74676513671875,59.52452087402344,30.032669067382812,84.47843170166016,76.41596221923828,114.51968383789062,82.96174621582031,71.3802719116211,64.27306365966797,53.40188217163086,50.694427490234375
2017-08-01,87.5506820678711,59.58521270751953,21.709999084472656,227.17308044433594,21.155033111572266,,97.4647445678711,127.11978912353516,8.172499656677246,14.87594223022461,30.66866683959961,73.43824768066406,42.69969177246094,101.44873809814453,59.95503616333008,131.38218688964844,47.80751419067383,60.211788177490234,50.38958740234375,8.462258338928223,148.76739501953125,165.0662384033203,108.68998718261719,143.7733612060547,108.9722900390625,18.85988426208496,21.725719451904297,110.83708190917969,32.46343994140625,103.94784545898438,242.2447967529297,126.66398620605469,236.34292602539062,100.72526550292969,31.999225616455078,,43.15779113769531,31.54694366455078,141.37583923339844,139.42477416992188,56.7407341003418,61.42470169067383,37.1084098815918,112.51522827148438,193.46517944335938,57.83793640136719,30.844680786132812,86.90127563476562,79.82535552978516,113.65327453613281,77.0576400756836,66.95316314697266,65.94942474365234,51.42021179199219,55.63003158569336
2017-09-01,90.37100219726562,62.29969024658203,22.670000076293945,240.96495056152344,23.408809661865234,,103.45415496826172,134.01895141601562,8.592499732971191,16.079057693481445,32.774417877197266,80.18019104003906,43.63167953491211,110.43939971923828,64.55335235595703,97.74127197265625,50.88455581665039,64.43232727050781,53.76686096191406,9.0393648147583,156.90679931640625,168.53396606445312,108.12149047851562,158.96697998046875,111.70703125,18.42300033569336,25.453039169311523,119.89297485351562,33.245323181152344,111.89360046386719,246.13162231445312,130.12318420410156,249.809326171875,110.52033996582031,35.304969787597656,,45.375064849853516,34.40532684326172,153.79202270507812,151.44992065429688,57.75420379638672,59.557132720947266,40.739891052246094,117.96128845214844,189.74668884277344,60.72208786010742,32.15860366821289,95.70693969726562,83.8249740600586,133.5613555908203,79.09220886230469,71.8676528930664,67.31733703613281,55.22638702392578,56.131935119628906
2017-10-01,96.10806274414062,63.667572021484375,22.969999313354492,244.53854370117188,24.773244857788086,,113.32591247558594,141.07762145996094,9.072500228881836,14.944101333618164,33.855690002441406,79.0815658569336,45.26945877075195,116.84998321533203,67.44940185546875,100.0835952758789,52.19635009765625,67.14251708984375,52.4375,9.376359939575195,157.06675720214844,167.06666564941406,90.14595031738281,174.84146118164062,113.61426544189453,18.60071563720703,26.683147430419922,126.8292236328125,34.15298080444336,118.38562774658203,244.4420928955078,142.70156860351562,256.5902099609375,109.83499145507812,38.83834457397461,,48.650760650634766,34.11521911621094,160.46142578125,170.66476440429688,56.88869094848633,61.44523239135742,42.38750457763672,126.2280044555664,205.9640655517578,60.33393478393555,33.48051452636719,95.55839538574219,82.03804779052734,136.19906616210938,80.86060333251953,72.5792465209961,70.67157745361328,56.14927291870117,59.62729263305664
2017-11-01,94.62006378173828,68.57308959960938,24.8799991607666,263.7884216308594,24.766714096069336,,117.79045867919922,134.38638305664062,10.789999961853027,16.5842227935791,36.15531921386719,81.9570541381836,48.18235397338867,131.78160095214844,69.35523986816406,105.610595703125,52.918548583984375,65.74698638916016,58.56795120239258,10.45832633972168,160.9967803955078,170.50709533691406,81.78421020507812,196.9450225830078,123.54280853271484,18.26671028137207,29.975759506225586,137.14443969726562,31.058683395385742,123.29293060302734,254.72409057617188,151.49000549316406,266.896240234375,116.39935302734375,41.43869400024414,,51.335357666015625,33.56996536254883,165.33982849121094,164.8120574951172,56.775020599365234,62.685516357421875,43.771995544433594,133.04144287109375,210.63255310058594,59.666561126708984,33.9792366027832,104.98472595214844,85.40409088134766,153.52719116210938,91.67051696777344,73.07508850097656,71.10616302490234,56.62814712524414,62.3143310546875
2017-12-01,97.40621185302734,68.45132446289062,26.5,281.0471496582031,25.978160858154297,,131.50140380859375,141.8041229248047,10.797499656677246,16.364091873168945,35.78559494018555,86.22744750976562,50.986637115478516,138.152099609375,71.68339538574219,109.12723541259766,56.894386291503906,66.78668212890625,58.48658752441406,10.917460441589355,173.93605041503906,167.45352172851562,78.5668716430664,210.24021911621094,121.48321533203125,20.226245880126953,31.381593704223633,135.83363342285156,31.666563034057617,120.86122131347656,256.2646179199219,146.64891052246094,267.34051513671875,121.66387939453125,42.2123908996582,,51.922611236572266,34.503726959228516,176.00149536132812,167.6033477783203,59.41341018676758,65.8443374633789,45.540069580078125,133.08848571777344,203.82644653320312,61.05419921875,33.658329010009766,111.29212951660156,83.78671264648438,165.4932403564453,91.27122497558594,77.3797378540039,74.60745239257812,56.8660774230957,61.28984451293945
2018-01-01,102.75902557373047,72.06896209716797,26.459999084472656,337.7120361328125,26.44791603088379,,136.4713592529297,150.92376708984375,11.017499923706055,16.887643814086914,38.683712005615234,86.33766174316406,51.68769836425781,146.89968872070312,75.38859558105469,115.61451721191406,58.968021392822266,70.9793472290039,58.721649169921875,11.043716430664062,182.95558166503906,183.857177734375,72.8038101196289,239.9718475341797,126.48163604736328,22.311962127685547,31.982784271240234,141.3858184814453,32.514122009277344,135.9891357421875,283.24407958984375,156.07574462890625,296.6258544921875,126.68496704101562,46.99357604980469,,52.434669494628906,36.192989349365234,177.62413024902344,168.4057159423828,60.45913314819336,71.23287200927734,47.949867248535156,130.3748016357422,235.21463012695312,64.77810668945312,35.350990295410156,110.7941665649414,89.53189849853516,174.34983825683594,95.1217269897461,77.00914764404297,76.4488296508789,59.3545036315918,64.93846130371094
2018-02-01,95.8519058227539,71.53999328613281,34.83000183105469,346.8874816894531,24.381193161010742,,129.6385498046875,135.8870849609375,11.702500343322754,16.044384002685547,39.19123458862305,77.85482025146484,49.357826232910156,142.00074768066406,71.37301635742188,104.57408142089844,58.41008377075195,68.21522521972656,58.7307014465332,10.99549388885498,171.75439453125,183.8323211669922,64.05461883544922,233.9125518798828,120.28263092041016,18.13962173461914,29.60580062866211,131.4293212890625,30.63623046875,133.23316955566406,282.9001159667969,147.60137939453125,304.9098815917969,117.33710479736328,44.57732009887695,,50.03765106201172,34.8804931640625,157.9541778564453,155.02000427246094,59.0355339050293,69.93143463134766,43.82012939453125,124.85330200195312,213.98736572265625,60.78723907470703,34.5168342590332,108.66850280761719,74.04359436035156,168.55453491210938,97.15630340576172,77.42179870605469,74.6247329711914,52.02153015136719,67.21739959716797
2018-03-01,94.84130859375,71.88595581054688,39.310001373291016,314.0097351074219,25.435245513916016,,123.56028747558594,130.97425842285156,12.732500076293945,16.638731002807617,39.17286682128906,79.32954406738281,50.19112777709961,137.64443969726562,70.03254699707031,109.37808990478516,56.141441345214844,68.10140228271484,57.22988510131836,10.96937084197998,167.71177673339844,182.55142211914062,61.19462203979492,252.4431610107422,115.029052734375,17.135583877563477,28.37569808959961,128.1802978515625,29.48875617980957,138.1193084716797,271.25311279296875,137.5799102783203,305.0967712402344,114.55299377441406,47.204647064208984,,47.317970275878906,32.23972702026367,151.36935424804688,149.36114501953125,58.507225036621094,65.30188751220703,44.19411087036133,120.64055633544922,227.8147735595703,58.8386344909668,35.59285354614258,112.1558837890625,74.22089385986328,166.28265380859375,98.87715911865234,77.47891998291016,73.12139892578125,51.24540328979492,69.32640075683594
2018-04-01,98.68575286865234,66.04766082763672,41.97999954223633,319.4494934082031,27.97626495361328,,121.63777923583984,129.1723175048828,12.770000457763672,17.737821578979492,39.10855484008789,87.03015899658203,47.81939697265625,119.9293212890625,66.09668731689453,104.03036499023438,54.587894439697266,63.94255065917969,57.73617172241211,10.11937427520752,172.66403198242188,167.08067321777344,63.87303161621094,251.62030029296875,115.16436767578125,13.245865821838379,29.254343032836914,116.20174407958984,28.342342376708984,133.957275390625,257.53515625,121.8301773071289,281.4315185546875,121.0407943725586,42.993900299072266,,46.53432083129883,31.02166175842285,145.69625854492188,141.06988525390625,57.137969970703125,62.35905838012695,48.411991119384766,111.4980239868164,237.93115234375,57.72391891479492,38.62833023071289,111.48847961425781,80.48988342285156,144.40106201171875,101.20645141601562,84.53195190429688,70.66142272949219,53.4021110534668,65.70325469970703
2018-05-01,108.6646499633789,69.10398864746094,63.68000030517578,338.945068359375,29.12149429321289,,127.99939727783203,115.90648651123047,13.707500457763672,19.37518310546875,41.852821350097656,87.22071075439453,49.78936004638672,132.49560546875,68.56831359863281,106.16133117675781,58.62453842163086,65.86041259765625,67.7421875,10.77524471282959,174.00514221191406,167.41259765625,63.91843795776367,277.5975036621094,118.3328628540039,13.172368049621582,30.401208877563477,117.5763168334961,28.082944869995117,129.3443603515625,254.0609588623047,124.45549011230469,285.9844970703125,128.5922088623047,50.09211730957031,,50.838462829589844,30.453725814819336,151.92916870117188,151.1798553466797,59.567298889160156,65.1483154296875,48.8304557800293,109.6474609375,247.980712890625,60.23545837402344,37.41908264160156,119.71236419677734,82.99566650390625,153.61386108398438,101.00680541992188,92.93217468261719,71.89574432373047,56.3647575378418,63.635379791259766
2018-06-01,112.67920684814453,68.40791320800781,63.18000030517578,322.91986083984375,29.019813537597656,,114.31558227539062,108.26298522949219,14.140000343322754,19.114452362060547,42.50041580200195,88.7153091430664,45.63487243652344,124.50699615478516,65.00711059570312,116.54829406738281,57.21770477294922,64.27796936035156,66.48700714111328,9.742857933044434,159.01559448242188,154.7140655517578,62.333168029785156,277.0673828125,115.24478912353516,12.694729804992676,27.182584762573242,113.98494720458984,28.20449447631836,124.24685668945312,238.6253662109375,124.13369750976562,269.8894348144531,127.93079376220703,47.88420486450195,,52.98579788208008,30.321590423583984,138.54981994628906,143.2678985595703,60.69297409057617,65.25794219970703,48.584842681884766,105.0497817993164,256.1673278808594,62.052146911621094,37.81092071533203,118.80669403076172,75.92688751220703,142.10986328125,102.33786010742188,93.95193481445312,71.09950256347656,57.39852523803711,60.90557861328125
2018-07-01,113.3932113647461,73.754638671875,67.93000030517578,342.9296875,28.657529830932617,,121.9088363647461,116.24839782714844,14.34749984741211,21.182340621948242,46.957828521728516,88.60302734375,50.472015380859375,128.9511260986328,73.69251251220703,116.91160583496094,59.81624221801758,71.5279312133789,69.279296875,11.604392051696777,172.18870544433594,166.6110076904297,62.42478561401367,311.3504333496094,127.72528076171875,16.187461853027344,26.46117401123047,117.9259262084961,31.62782859802246,141.79135131835938,263.398193359375,133.9775390625,263.5655212402344,143.30413818359375,47.189857482910156,,53.94184112548828,32.16162872314453,150.28456115722656,161.6515350341797,64.35090637207031,70.847900390625,47.98128890991211,118.22753143310547,278.7305908203125,68.1239013671875,40.73912811279297,125.6912612915039,85.69023895263672,143.24588012695312,105.17108154296875,105.14079284667969,78.66925048828125,56.55208206176758,69.2034912109375
2018-08-01,123.27178192138672,72.95832824707031,68.26000213623047,331.556884765625,27.63373374938965,,117.71238708496094,116.33847045898438,16.077499389648438,22.29081153869629,48.99937438964844,83.91972351074219,54.23747253417969,128.0694122314453,76.6832275390625,125.16548919677734,63.920318603515625,71.50214385986328,66.65074157714844,11.895879745483398,170.84413146972656,161.306396484375,59.26460266113281,319.3323974609375,127.87516784667969,16.749353408813477,25.859989166259766,114.2646484375,31.847055435180664,139.69393920898438,260.42059326171875,133.9862518310547,262.8712158203125,148.1080780029297,48.99000549316406,,57.24775314331055,33.6311149597168,156.80221557617188,156.783203125,65.13220977783203,69.1064453125,46.42681121826172,111.15619659423828,259.77447509765625,70.0464096069336,39.172000885009766,126.9769515991211,88.49222564697266,150.0519561767578,113.22383880615234,103.34439086914062,79.4559326171875,56.19608688354492,68.8050308227539
2018-09-01,127.15253448486328,75.13793182373047,68.43000030517578,359.71295166015625,29.708843231201172,,129.27593994140625,119.84174346923828,12.882499694824219,22.257753372192383,45.42609786987305,86.62588500976562,53.63462448120117,134.4943389892578,79.05866241455078,121.98895263671875,63.79539489746094,74.5896224975586,66.87810516357422,11.82657527923584,169.07749938964844,170.7479248046875,52.20052719116211,322.34478759765625,133.7761688232422,16.472436904907227,26.211448669433594,116.92568969726562,29.718202590942383,146.0683135986328,281.1868896484375,133.85284423828125,279.49835205078125,153.78231811523438,51.88178253173828,,57.56036376953125,33.5180549621582,164.24046325683594,162.46676635742188,64.8454360961914,73.36198425292969,48.49797058105469,116.37037658691406,276.3258056640625,71.11064147949219,40.6748161315918,137.27027893066406,84.07769775390625,157.4934539794922,114.61192321777344,100.06243896484375,79.38719177246094,59.59576416015625,72.39437866210938
2018-10-01,121.59919738769531,63.70386505126953,61.720001220703125,343.2313232421875,27.949508666992188,,103.50651550292969,112.14601135253906,12.227499961853027,20.697751998901367,41.76555252075195,79.0953598022461,50.759521484375,121.17288208007812,73.97740173339844,94.77334594726562,56.54781723022461,61.63768768310547,61.102569580078125,10.561182975769043,154.71792602539062,144.59506225585938,46.69843292236328,256.1099853515625,121.4743881225586,15.215113639831543,25.027587890625,105.69877624511719,27.145450592041016,128.37197875976562,238.83328247070312,120.862060546875,230.69163513183594,142.9877166748047,41.95969772338867,,51.630367279052734,28.12095069885254,135.39813232421875,142.72157287597656,64.86328887939453,65.17623901367188,44.974853515625,92.59407043457031,245.11578369140625,66.68968963623047,37.01729965209961,123.26762390136719,76.72494506835938,115.5882339477539,113.9369125366211,78.25247192382812,78.60527038574219,55.85263442993164,59.63417434692383
2018-11-01,124.41804504394531,69.73429870605469,43.470001220703125,336.9455871582031,26.379613876342773,,115.74951934814453,124.92125701904297,12.795000076293945,21.897144317626953,43.522743225097656,85.083251953125,56.659507751464844,138.5651092529297,76.24168395996094,96.29476165771484,56.65982437133789,66.17001342773438,69.61945343017578,12.173810005187988,160.79884338378906,154.90892028808594,34.67705535888672,284.5369567871094,123.78125762939453,16.123369216918945,22.891084671020508,115.21060180664062,29.531389236450195,123.97946166992188,245.970703125,132.9824676513672,229.9270477294922,146.16368103027344,43.98980712890625,,55.78508377075195,30.726598739624023,154.3089599609375,151.87075805664062,69.02207946777344,64.2992935180664,43.65813064575195,104.52086639404297,268.4360656738281,71.95867156982422,35.128536224365234,130.32691955566406,83.7160415649414,112.75797271728516,117.24546813964844,90.38549041748047,82.78028106689453,56.291378021240234,66.36323547363281
2018-12-01,111.2912826538086,64.41781616210938,43.75,313.3721923828125,24.790950775146484,,108.41224670410156,110.51555633544922,11.944999694824219,18.73151206970215,39.019039154052734,77.82249450683594,46.57072830200195,134.1514129638672,63.721839904785156,87.34716033935547,50.13957977294922,59.049034118652344,62.29976272583008,10.741961479187012,113.62583923339844,131.71739196777344,35.04884338378906,255.8332061767578,111.44110870361328,12.655495643615723,18.914052963256836,105.80980682373047,25.380878448486328,116.78092956542969,214.37596130371094,121.86650085449219,216.6735382080078,128.01519775390625,39.7700080871582,,51.362327575683594,29.218347549438477,133.76910400390625,131.08584594726562,64.67389678955078,56.19328308105469,42.118534088134766,95.6463851928711,252.39688110351562,63.745487213134766,33.39812469482422,117.1484603881836,70.81987762451172,98.70294189453125,103.66889953613281,67.12027740478516,78.57723236083984,48.283138275146484,60.67081832885742
2019-01-01,118.69256591796875,69.36568450927734,51.0099983215332,374.70574951171875,26.88301658630371,,114.33893585205078,121.65475463867188,12.657500267028809,19.807828903198242,43.55293655395508,82.01439666748047,46.13208770751953,147.4883575439453,78.88217163085938,100.37462615966797,54.939552307128906,65.57658386230469,63.40687561035156,12.510028839111328,125.06378173828125,144.23358154296875,47.04045104980469,267.6391906738281,121.14961242675781,14.12671184539795,22.817096710205078,114.67950439453125,28.907669067382812,132.85189819335938,237.17752075195312,128.10882568359375,243.79092407226562,143.59552001953125,43.776309967041016,,56.25949478149414,33.503456115722656,147.8240966796875,147.67198181152344,68.81863403320312,62.30973815917969,44.619476318359375,100.99822998046875,290.2052001953125,69.90131378173828,35.03026580810547,134.81016540527344,76.5345687866211,120.58451080322266,111.6266098022461,66.078857421875,84.4756088256836,51.88719940185547,64.7991943359375
2019-02-01,129.88796997070312,75.72184753417969,53.83000183105469,429.65545654296875,28.291337966918945,,117.92810821533203,128.36871337890625,14.667499542236328,21.981714248657227,47.98698043823242,86.40095520019531,46.5954704284668,147.5243377685547,81.7371826171875,102.71002197265625,57.60108947753906,68.60387420654297,68.576416015625,13.023177146911621,127.47955322265625,143.4330596923828,50.02956771850586,277.3826599121094,130.64862060546875,13.924612998962402,24.833364486694336,120.33370208740234,30.191692352294922,143.0425567626953,255.14784240722656,133.56060791015625,257.61541748046875,154.28257751464844,48.555538177490234,,61.2020263671875,34.83835983276367,158.73106384277344,156.40687561035156,70.3616943359375,66.71463775634766,45.64697265625,105.7829360961914,322.1871337890625,73.75835418701172,36.42559814453125,142.8628692626953,80.72218322753906,129.56626892089844,120.20230102539062,70.11195373535156,89.4026870727539,56.57985305786133,68.92716217041016
2019-03-01,136.28909301757812,79.08404541015625,54.40999984741211,372.4865417480469,29.001102447509766,,116.3396224975586,131.51776123046875,15.147500038146973,22.632062911987305,46.94408416748047,89.0020980834961,48.54086685180664,144.44078063964844,84.68958282470703,111.54261779785156,57.871543884277344,69.89633178710938,69.44561004638672,13.306652069091797,128.2505645751953,142.6410369873047,48.15446090698242,273.8876953125,134.76133728027344,14.39152717590332,26.250051498413086,120.72077178955078,31.851213455200195,139.10853576660156,247.52001953125,133.8117218017578,239.52645874023438,160.81356811523438,46.554107666015625,,63.72894287109375,35.013065338134766,154.64024353027344,153.69146728515625,72.44811248779297,68.4240493774414,45.92580032348633,109.31437683105469,336.9571838378906,75.80601501464844,36.06647872924805,142.43690490722656,81.85025787353516,109.9854736328125,126.69466400146484,70.55219268798828,92.22545623779297,57.8470344543457,72.11122131347656
2019-04-01,140.2564239501953,84.04045867919922,63.5,368.8439025878906,29.007740020751953,,120.43978881835938,138.5322265625,16.829999923706055,24.08702278137207,50.435089111328125,86.7477798461914,54.78116226196289,149.67294311523438,88.51777648925781,118.55523681640625,60.00146484375,71.85719299316406,72.66627502441406,14.687888145446777,133.94163513183594,151.50791931152344,49.02210998535156,256.6588439941406,147.23513793945312,16.176353454589844,31.85685920715332,130.89784240722656,32.33406066894531,146.7646942138672,274.8729248046875,122.04572296142578,257.571044921875,175.553466796875,48.13071823120117,,66.99488830566406,36.826908111572266,163.16432189941406,158.29013061523438,74.64734649658203,75.70762634277344,46.61553192138672,117.68736267089844,358.13250732421875,86.10076141357422,36.079437255859375,150.819580078125,77.80682373046875,135.6599884033203,134.44876098632812,70.88714599609375,95.26974487304688,57.47472381591797,76.08899688720703
2019-05-01,136.61331176757812,78.05461120605469,66.77999877929688,335.5255432128906,27.4097957611084,,103.49942779541016,126.47647094726562,17.8700008392334,22.599533081054688,51.524436950683594,83.0701675415039,48.692256927490234,126.66580963134766,81.1570816040039,114.16124725341797,51.298919677734375,65.19490814208984,64.12833404541016,12.737141609191895,109.07060241699219,136.3334197998047,45.50331497192383,239.4348602294922,140.0100555419922,16.508031845092773,32.06452178955078,117.44892120361328,33.21354675292969,163.65463256835938,280.9768371582031,103.76036071777344,270.57574462890625,168.63685607910156,42.70119857788086,,68.6805191040039,33.97737121582031,137.95578002929688,131.1355438232422,76.24267578125,67.41895294189453,46.02043533325195,102.12948608398438,327.2787170410156,83.10221099853516,33.37688064575195,142.82276916503906,68.71562194824219,105.99038696289062,133.36279296875,59.79877471923828,97.0537338256836,51.24702072143555,67.93333435058594
2019-06-01,141.7361297607422,86.72740936279297,64.20999908447266,357.526611328125,28.0694580078125,,117.73587036132812,143.7415313720703,18.684999465942383,23.479604721069336,55.11532974243164,90.79713439941406,53.656036376953125,150.43353271484375,90.95113372802734,127.70195007324219,56.8171272277832,72.88809967041016,69.90621948242188,13.569902420043945,116.52616882324219,154.13589477539062,50.6615104675293,245.41867065429688,148.769775390625,19.462892532348633,33.18259048461914,127.69473266601562,35.8540153503418,165.3507080078125,301.7260437011719,112.5872573852539,288.2958679199219,172.25772094726562,48.18650817871094,,65.87850952148438,36.99208068847656,153.97755432128906,144.33273315429688,78.4300765991211,69.50074768066406,48.44765090942383,116.69522857666016,359.0825500488281,89.33338165283203,36.64698791503906,144.8180694580078,76.36959075927734,127.67942810058594,139.7559051513672,68.79065704345703,102.8619384765625,55.490447998046875,76.5554428100586
2019-07-01,142.75633239746094,85.55308532714844,70.22000122070312,335.10321044921875,26.75012969970703,,114.62007141113281,137.58383178710938,19.38249969482422,21.364410400390625,60.49238586425781,89.82669067382812,58.083168029785156,150.37899780273438,87.91032409667969,131.3373565673828,55.25022888183594,71.93408966064453,70.3577651977539,12.914231300354004,121.025634765625,158.50930786132812,50.4202766418457,266.2796630859375,146.9547576904297,18.874929428100586,31.619365692138672,130.59054565429688,36.83476257324219,181.49851989746094,300.5889587402344,113.48359680175781,308.33587646484375,165.16281127929688,53.90717315673828,,66.96897888183594,36.20741653442383,158.56944274902344,141.64573669433594,80.2496337890625,71.315673828125,46.824546813964844,119.09998321533203,360.2997741699219,87.21061706542969,33.98664093017578,154.10098266601562,88.34972381591797,121.82637023925781,144.775146484375,74.4656982421875,104.31523132324219,53.8466796875,73.48918914794922
2019-08-01,145.6025390625,82.03968048095703,59.970001220703125,359.8366394042969,25.286243438720703,,103.5906982421875,126.3377456665039,18.84749984741211,20.413597106933594,61.272804260253906,86.77688598632812,55.05720901489258,140.62913513183594,85.54917907714844,138.5958251953125,51.184322357177734,71.26316833496094,65.51980590820312,12.838760375976562,112.56599426269531,163.05303955078125,39.805477142333984,251.6876220703125,140.97891235351562,19.493539810180664,27.505107879638672,126.8904037475586,37.05175018310547,184.82948303222656,320.6333923339844,106.00104522705078,328.233154296875,151.17532348632812,52.867637634277344,,65.88037109375,34.01115798950195,150.97532653808594,135.4467315673828,80.79275512695312,69.93565368652344,42.098690032958984,107.7713394165039,423.09466552734375,85.39813995361328,32.791133880615234,139.54974365234375,88.49659729003906,108.35855865478516,154.14564514160156,66.4520492553711,106.41045379638672,50.2053337097168,70.34820556640625
2019-09-01,139.06588745117188,87.7999038696289,56.779998779296875,376.0252685546875,25.99795150756836,,109.95413970947266,137.6790771484375,20.082500457763672,21.098926544189453,62.271568298339844,87.42555236816406,54.80979537963867,153.83226013183594,90.86065673828125,133.1894989013672,57.42884063720703,73.408447265625,68.4594497680664,13.698310852050781,103.72158813476562,155.77293395996094,43.18128967285156,273.3016357421875,144.90115356445312,19.614238739013672,27.6790828704834,133.42332458496094,38.318153381347656,183.05718994140625,325.60009765625,107.7576904296875,335.60986328125,156.04798889160156,54.92947006225586,,66.7431869506836,36.319732666015625,164.4908905029297,146.09349060058594,78.7183837890625,73.307861328125,44.55949020385742,117.1402816772461,409.2225646972656,87.28071594238281,34.64503479003906,139.5669708251953,89.36172485351562,119.9876708984375,151.14488220214844,68.99645233154297,102.96989440917969,51.76691436767578,73.11219787597656
2019-10-01,139.76370239257812,87.63732147216797,51.130001068115234,335.9391174316406,25.94319725036621,,120.899169921875,145.9820098876953,20.65999984741211,21.40351104736328,62.40396499633789,85.61219024658203,52.801239013671875,158.8116455078125,94.81229400634766,129.4400634765625,60.254756927490234,77.52825164794922,67.21540069580078,15.157946586608887,108.77335357666016,151.59103393554688,48.20460510253906,284.05340576171875,147.9242401123047,20.72319793701172,31.142637252807617,143.73121643066406,37.829254150390625,181.01284790039062,314.43115234375,108.14441680908203,315.6322021484375,158.88778686523438,58.843074798583984,,67.94237518310547,39.458343505859375,167.11383056640625,152.4673309326172,79.59147644042969,77.09890747070312,43.8931884765625,122.75355529785156,413.6318054199219,89.8875961303711,35.06476593017578,142.56544494628906,85.89376831054688,128.58432006835938,138.2993927001953,66.60566711425781,100.47176361083984,49.53818893432617,70.62159729003906
2019-11-01,147.1297149658203,94.67508697509766,73.80000305175781,364.01422119140625,26.01392936706543,,126.97923278808594,155.87742614746094,22.25,21.863269805908203,60.287559509277344,87.1927261352539,54.93898391723633,153.2577362060547,102.1842269897461,132.5837860107422,63.875492095947266,82.32537841796875,69.3503189086914,14.980813980102539,114.03888702392578,155.82669067382812,54.43547058105469,292.8250732421875,153.6685333251953,23.37190818786621,33.138587951660156,148.6336669921875,37.392730712890625,177.0813446044922,328.4090270996094,112.24089813232422,316.1791076660156,168.92742919921875,61.916439056396484,,69.95692443847656,42.38287353515625,181.851806640625,174.61041259765625,80.62833404541016,80.05164337158203,44.21917724609375,128.51138305664062,445.7143859863281,92.87699127197266,35.00480651855469,152.4688720703125,89.99085998535156,147.33721923828125,140.95643615722656,75.5546875,101.09854125976562,50.551109313964844,71.37672424316406
2019-12-01,147.69207763671875,95.51141357421875,73.27999877929688,323.83331298828125,26.236392974853516,,129.56741333007812,152.55291748046875,22.735000610351562,22.11386489868164,63.1065559387207,89.70883178710938,56.06057357788086,158.6951141357422,105.64904022216797,133.0395965576172,65.95105743408203,84.30118560791016,72.37442016601562,15.583921432495117,108.19706726074219,151.2052001953125,53.95302200317383,312.7532043457031,152.3345489501953,23.22848129272461,36.4669075012207,154.0625457763672,35.76319885253906,174.2458038330078,327.02325439453125,116.63745880126953,309.1683349609375,169.47744750976562,61.38751983642578,,69.0958480834961,42.38029861450195,188.2828369140625,180.7000274658203,81.8881607055664,80.81793975830078,45.365234375,135.02899169921875,465.43902587890625,94.54889678955078,36.8436393737793,156.62733459472656,87.9840316772461,160.5451202392578,142.97760009765625,74.81425476074219,102.50460052490234,51.7753791809082,72.55543518066406
2020-01-01,148.4630584716797,93.0312271118164,76.80999755859375,316.3875732421875,25.11713981628418,,116.04861450195312,136.36502075195312,25.364999771118164,23.330198287963867,65.42605590820312,79.75605773925781,53.433937072753906,145.24916076660156,104.35662841796875,142.32534790039062,61.946937561035156,84.07868194580078,67.7547607421875,14.814050674438477,103.4959487915039,151.2745819091797,60.18953323364258,279.6319580078125,149.08131408691406,22.609451293945312,35.10487747192383,150.0744171142578,34.656314849853516,194.90487670898438,359.559326171875,104.89569091796875,336.67230224609375,181.7694549560547,63.473880767822266,,70.16717529296875,39.76032638549805,179.0159454345703,170.88352966308594,86.83999633789062,81.05536651611328,40.11185073852539,129.8067626953125,534.6565551757812,94.7694091796875,32.80858612060547,155.44044494628906,77.80717468261719,130.62521362304688,155.5482177734375,71.02545166015625,109.46659088134766,46.0918083190918,75.1983642578125
2020-02-01,134.0403289794922,82.35394287109375,77.37000274658203,275.1099853515625,22.127471923828125,,109.7668685913086,129.98109436035156,21.1200008392334,21.60474395751953,62.55776596069336,70.29534149169922,44.52711868286133,143.32571411132812,94.60104370117188,134.86257934570312,55.813621520996094,80.74118041992188,65.32434844970703,14.533736228942871,101.01303100585938,137.6940460205078,52.599369049072266,257.611572265625,140.32659912109375,22.170696258544922,32.59951400756836,143.89923095703125,32.12626647949219,174.12252807617188,312.5882873535156,99.561279296875,296.6470642089844,159.89639282226562,62.687843322753906,,63.38526153564453,35.99652099609375,169.73623657226562,164.4419708251953,82.46375274658203,70.80821990966797,34.481876373291016,117.07294464111328,463.6188659667969,91.78897094726562,29.128671646118164,139.266357421875,68.68756103515625,127.53501892089844,148.50177001953125,66.16149139404297,99.67125701904297,38.71540451049805,71.44041442871094
2020-03-01,119.12867736816406,69.1277084350586,70.7699966430664,149.13999938964844,17.247974395751953,15.83867359161377,102.52210998535156,116.26049041748047,17.1299991607666,17.57206153869629,40.62480163574219,54.57038497924805,27.538663864135742,127.26158905029297,77.29035949707031,113.7079849243164,41.48368835449219,69.7479019165039,61.892086029052734,13.272334098815918,87.20284271240234,114.08538818359375,38.42404556274414,230.6566619873047,115.76921844482422,12.131564140319824,24.65593147277832,122.8084945678711,23.887502670288086,159.3340301513672,286.4568786621094,91.0688247680664,272.9307861328125,128.02230834960938,63.760658264160156,45.158538818359375,51.47392654418945,32.891883850097656,119.17449951171875,135.23672485351562,68.94092559814453,51.14741516113281,27.323928833007812,81.86345672607422,266.1230773925781,76.10321807861328,25.685359954833984,122.90921783447266,70.91161346435547,99.05912017822266,133.6798858642578,46.35157012939453,83.63471221923828,28.577463150024414,60.161808013916016
2020-04-01,127.8532485961914,80.5018310546875,72.70999908447266,141.02000427246094,16.83073616027832,16.26103973388672,103.76648712158203,140.47137451171875,20.02750015258789,20.310606002807617,52.02516174316406,69.28614807128906,25.00969886779785,133.61732482910156,86.23113250732422,132.2230682373047,49.64982986450195,74.96395874023438,66.42825317382812,15.490650177001953,91.16529846191406,113.55757141113281,32.907249450683594,255.7922821044922,122.78683471679688,12.874323844909668,28.91106605529785,140.41925048828125,25.792478561401367,171.34689331054688,328.806396484375,101.34917449951172,298.2979431152344,150.03164672851562,70.57583618164062,45.98041915893555,56.055206298828125,37.250205993652344,145.25460815429688,169.80087280273438,71.95353698730469,55.83926773071289,25.945598602294922,90.2135238647461,301.7707214355469,80.55386352539062,24.243833541870117,139.24893188476562,71.85287475585938,123.70357513427734,146.57986450195312,54.33524703979492,90.37535858154297,34.974830627441406,66.41541290283203
2020-05-01,127.67893981933594,88.0269546508789,75.95999908447266,145.85000610351562,16.804012298583984,18.79522705078125,107.11006927490234,146.9021759033203,22.34749984741211,22.029102325439453,58.15336227416992,70.07408905029297,24.33401870727539,140.120361328125,89.99932861328125,146.5606231689453,53.640254974365234,76.29273986816406,71.3340835571289,17.646167755126953,93.89083099365234,127.65016174316406,31.794204711914062,288.8677978515625,127.1352767944336,12.884172439575195,28.036178588867188,149.02586364746094,27.830360412597656,176.43336486816406,330.2717590332031,105.39969635009766,303.6692199707031,157.21493530273438,83.1084213256836,47.7314567565918,59.72936248779297,39.924957275390625,166.28089904785156,194.74989318847656,78.49308776855469,56.08180618286133,25.282121658325195,102.69768524169922,353.08538818359375,83.12474822998047,25.91986846923828,148.85499572753906,76.47991943359375,133.7057647705078,165.6180419921875,58.94685363769531,96.4563980102539,34.885746002197266,61.5246696472168
2020-06-01,130.531982421875,85.947021484375,98.12999725341797,183.3000030517578,16.934724807739258,20.477123260498047,112.78968811035156,150.07232666015625,20.8174991607666,21.462831497192383,62.46866989135742,68.18658447265625,27.07533836364746,145.4955596923828,89.36077117919922,164.04554748535156,54.52811813354492,78.61117553710938,71.02584075927734,18.32190704345703,101.32157897949219,129.93658447265625,33.10198211669922,293.1034851074219,126.0369644165039,15.612701416015625,27.956647872924805,152.06063842773438,30.477535247802734,150.73239135742188,310.2737731933594,105.09648895263672,278.5204162597656,154.8164825439453,82.45343017578125,51.54815673828125,62.59685516357422,40.46009063720703,169.3299102783203,191.90289306640625,75.73937225341797,53.56108474731445,25.86768341064453,114.7323226928711,367.4059753417969,82.4546127319336,27.059425354003906,148.16270446777344,85.2776870727539,143.47689819335938,163.5108642578125,55.568546295166016,96.1729736328125,34.31031799316406,60.24484634399414
2020-07-01,116.52232360839844,89.67842102050781,83.12999725341797,158.0,16.005203247070312,25.103376388549805,119.36551666259766,167.395751953125,23.3125,21.955238342285156,70.79671478271484,64.14415740966797,24.10236358642578,163.234619140625,95.25584411621094,155.15036010742188,54.510528564453125,83.68836212158203,78.93733215332031,20.228734970092773,121.68415069580078,128.51776123046875,29.41860008239746,318.6390380859375,130.20361328125,14.558721542358398,31.40648651123047,160.87901306152344,34.35194396972656,149.54197692871094,322.2198486328125,101.37747192382812,294.437744140625,169.48953247070312,88.8857421875,56.878849029541016,59.945579528808594,45.989925384521484,165.3107452392578,196.5338134765625,80.53941345214844,49.26716232299805,23.588735580444336,126.20722961425781,358.70391845703125,103.66597747802734,26.496566772460938,151.91343688964844,109.50028991699219,149.5706024169922,181.29336547851562,60.02792739868164,99.52373504638672,32.28485107421875,67.68272399902344
2020-08-01,121.94032287597656,96.84305572509766,85.68000030517578,171.82000732421875,15.399083137512207,27.508655548095703,127.83644104003906,180.63487243652344,25.829999923706055,23.611520767211914,78.15384674072266,65.0611572265625,29.778047561645508,194.48167419433594,102.10385131835938,160.9941864013672,61.49663162231445,92.4067611694336,82.56147003173828,21.011396408081055,158.85418701171875,130.80364990234375,30.7271671295166,342.4488220214844,145.1234588623047,17.257699966430664,34.856327056884766,171.8019256591797,36.360565185546875,160.5668182373047,333.8446350097656,110.8326187133789,311.6771545410156,188.32452392578125,98.29843139648438,57.205726623535156,63.738033294677734,46.56892395019531,191.14199829101562,208.60595703125,85.5887222290039,53.41683578491211,23.716760635375977,133.33995056152344,415.29632568359375,109.70783233642578,27.840391159057617,169.48826599121094,126.2999267578125,170.44139099121094,179.33349609375,64.3467788696289,103.51920318603516,31.24750518798828,74.5997314453125
2020-09-01,123.1072006225586,95.7685775756836,90.69999694824219,165.25999450683594,12.846055030822754,28.144533157348633,133.9807891845703,184.042724609375,26.290000915527344,23.985172271728516,78.05767059326172,55.81319808959961,29.51742935180664,205.89883422851562,100.70950317382812,150.11581420898438,58.044246673583984,92.34341430664062,84.55101013183594,19.390174865722656,182.26568603515625,121.23967742919922,30.243955612182617,334.3334045410156,144.2994384765625,16.46967315673828,35.393192291259766,169.01226806640625,36.70082092285156,151.59246826171875,327.8736267089844,108.90178680419922,287.00567626953125,189.61822509765625,88.02728271484375,56.7691764831543,66.48857879638672,46.265132904052734,187.7368927001953,199.6927032470703,86.56195068359375,50.386959075927734,20.112897872924805,134.0839385986328,394.89178466796875,112.84675598144531,24.686182022094727,173.38992309570312,128.62335205078125,167.98660278320312,178.29197692871094,59.831382751464844,103.25851440429688,26.858457565307617,78.2655258178711
2020-10-01,139.4079132080078,94.6124267578125,98.9000015258789,144.38999938964844,11.389286041259766,30.8450870513916,141.93905639648438,191.6516876220703,27.59000015258789,24.377363204956055,73.77053833007812,53.875247955322266,29.57534408569336,209.8750457763672,102.91258239746094,130.69358825683594,57.353763580322266,93.93631744384766,82.54277801513672,18.694168090820312,188.02670288085938,115.90145874023438,36.02088928222656,328.0079345703125,144.59750366210938,16.991743087768555,34.737030029296875,171.34786987304688,37.92267990112305,143.8004150390625,299.5157165527344,108.752197265625,263.6533203125,185.30287170410156,92.6252212524414,55.73238754272461,69.07511138916016,46.31937789916992,193.3224334716797,214.5692138671875,81.75861358642578,47.5672492980957,20.416549682617188,137.39053344726562,396.79510498046875,123.54972076416016,21.82892608642578,156.05711364746094,121.2748031616211,171.63511657714844,171.22996520996094,57.33679962158203,98.45917510986328,25.520620346069336,81.0753402709961
2020-11-01,153.45816040039062,114.19967651367188,125.69000244140625,210.7100067138672,14.67774772644043,35.16838073730469,156.88755798339844,202.65492248535156,28.862499237060547,27.886837005615234,84.20355987548828,68.57488250732422,38.85142135620117,243.0503387451172,113.8895034790039,160.047119140625,68.46463012695312,110.3728256225586,83.96766662597656,21.3839111328125,207.67218017578125,131.80447387695312,49.41950607299805,393.58349609375,179.59725952148438,23.108768463134766,44.012813568115234,184.6529083251953,41.363670349121094,172.10768127441406,314.4198913574219,118.45003509521484,276.2529296875,210.9232940673828,98.94552612304688,61.06328582763672,78.22913360595703,47.399147033691406,248.97694396972656,232.3129425048828,89.68689727783203,63.260494232177734,27.330881118774414,152.93162536621094,481.3886413574219,136.10479736328125,30.328744888305664,180.5852508544922,132.85592651367188,218.50770568847656,190.79966735839844,70.9983901977539,108.69654083251953,30.551162719726562,89.5449447631836
2020-12-01,156.34207153320312,116.70521545410156,122.52999877929688,214.05999755859375,15.398130416870117,34.95395278930664,164.50645446777344,199.0869598388672,31.8125,28.103618621826172,83.7674789428711,66.427490234375,38.81281661987305,250.6709442138672,117.82799530029297,184.92202758789062,71.62852478027344,109.48881530761719,89.36068725585938,21.288000106811523,188.55674743652344,131.3367156982422,52.477561950683594,384.2119445800781,187.32998657226562,28.112714767456055,45.29532241821289,179.3662109375,42.09343338012695,169.4452667236328,305.78851318359375,119.8626937866211,278.5012512207031,211.44833374023438,95.0356216430664,61.61974334716797,78.25431823730469,47.35599899291992,253.77447509765625,227.99502563476562,89.69573974609375,63.075260162353516,28.38081932067871,148.1605682373047,514.3516845703125,135.59759521484375,30.73650550842285,184.24859619140625,130.78233337402344,223.25367736816406,200.006591796875,70.90152740478516,108.10464477539062,33.026973724365234,94.97531127929688
2021-01-01,146.51077270507812,109.29412078857422,164.16000366210938,194.19000244140625,16.67380714416504,35.676753997802734,166.12673950195312,205.50404357910156,27.4375,26.55830192565918,75.39215087890625,67.01744842529297,36.64099884033203,269.0718078613281,108.71908569335938,169.83792114257812,70.71946716308594,107.26512145996094,84.10858154296875,19.875486373901367,170.92269897460938,130.38778686523438,51.894474029541016,342.8589782714844,172.06704711914062,24.21200180053711,41.59694290161133,170.85890197753906,45.01168441772461,153.7485809326172,277.2236022949219,120.45928955078125,261.949462890625,210.5673370361328,94.4610824584961,58.97432327270508,73.84691619873047,50.067378997802734,246.5081787109375,225.92242431640625,84.31214141845703,58.859073638916016,29.794214248657227,143.9537353515625,459.85382080078125,133.9068145751953,30.861186981201172,174.73622131347656,120.37564086914062,233.9393310546875,176.7966766357422,71.87979888916016,102.04537200927734,35.92745590209961,90.1234359741211
2021-02-01,154.40774536132812,113.83922576904297,165.49000549316406,212.00999450683594,18.565181732177734,33.851219177246094,196.14657592773438,223.2136688232422,27.290000915527344,28.43663215637207,77.03180694580078,79.77086639404297,46.27421951293945,325.2713317871094,115.49298858642578,155.574951171875,77.01429748535156,118.64781188964844,86.2883529663086,20.33821678161621,184.83815002441406,145.3128662109375,60.932281494140625,352.1355895996094,179.00335693359375,27.689151763916016,46.0707893371582,177.87062072753906,50.40550231933594,163.07159423828125,286.6667785644531,121.03709411621094,267.8515319824219,225.21278381347656,104.57424926757812,58.29536819458008,77.01830291748047,50.10716247558594,268.1761169433594,222.1127471923828,82.98020935058594,63.889381408691406,33.41219711303711,145.07388305664062,479.2942199707031,143.1453094482422,34.029441833496094,183.08985900878906,123.34954071044922,286.2799377441406,157.86448669433594,70.2572250366211,101.65119171142578,44.30303955078125,93.15811157226562
2021-03-01,168.08779907226562,123.46000671386719,142.4199981689453,254.72000122070312,18.519548416137695,39.123966217041016,210.6749725341797,228.4237518310547,27.15250015258789,29.94932746887207,81.06222534179688,83.59187316894531,46.6024055480957,349.4368591308594,128.48898315429688,174.07516479492188,80.88740539550781,126.70463562011719,101.18022918701172,22.05316734313965,206.82957458496094,161.3935546875,63.84615707397461,378.7976989746094,192.02499389648438,31.648967742919922,48.92413330078125,195.86990356445312,54.14866638183594,182.6661834716797,320.7369689941406,133.2196502685547,297.2210388183594,239.91958618164062,117.16487121582031,62.63252258300781,82.89594268798828,51.169986724853516,294.78253173828125,242.3447265625,92.92982482910156,68.57525634765625,31.93011474609375,166.30482482910156,488.64447021484375,155.2352294921875,34.703956604003906,195.9353790283203,132.85296630859375,317.01812744140625,170.52090454101562,76.78532409667969,118.8321762084961,45.49271774291992,98.41675567626953
2021-04-01,166.767822265625,130.41929626464844,151.61000061035156,234.30999755859375,19.13559913635254,40.494300842285156,208.19558715820312,222.19102478027344,31.127500534057617,31.294279098510742,81.97186279296875,82.21981811523438,45.28965759277344,346.3641357421875,139.78909301757812,220.3016815185547,81.1294937133789,130.9653778076172,103.21904754638672,23.055126190185547,211.39517211914062,170.1966094970703,63.79752731323242,409.6076354980469,197.30621337890625,31.481510162353516,49.12295913696289,203.7747039794922,56.57161331176758,188.5694122314453,330.3372802734375,136.3032989501953,325.5066833496094,249.49774169921875,125.64482116699219,71.25190734863281,82.44772338867188,49.49589538574219,293.2685241699219,241.267333984375,99.43070220947266,73.87346649169922,30.944765090942383,172.2184295654297,510.10455322265625,162.98951721191406,33.01871871948242,197.42880249023438,159.32354736328125,308.0074768066406,181.62905883789062,79.60803985595703,127.0754623413086,46.64164352416992,103.5350341796875
2021-05-01,174.82127380371094,130.58364868164062,140.58999633789062,247.02000427246094,20.186843872070312,42.67790603637695,220.03321838378906,227.99778747558594,32.252498626708984,31.185527801513672,84.15048217773438,83.80763244628906,46.02325439453125,337.2579345703125,141.48687744140625,226.2575225830078,86.25822448730469,133.79884338378906,118.64237976074219,23.39028549194336,229.2353973388672,169.91029357910156,68.3683853149414,438.19439697265625,205.13519287109375,34.94880676269531,49.351619720458984,204.92417907714844,60.38298034667969,197.44749450683594,334.0026550292969,141.4155731201172,337.43365478515625,251.84967041015625,129.36825561523438,71.89556884765625,86.10033416748047,50.60076904296875,288.9216613769531,241.74783325195312,102.1246109008789,79.20201873779297,31.719451904296875,180.5723876953125,539.2776489257812,174.77561950683594,34.81581115722656,200.73512268066406,168.52069091796875,321.4945068359375,166.7957000732422,80.39623260498047,129.57147216796875,48.255313873291016,110.79035186767578
2021-06-01,177.97525024414062,129.2266387939453,176.8000030517578,239.55999755859375,20.333070755004883,45.27668762207031,198.63047790527344,216.06088256835938,32.95750045776367,29.976980209350586,90.92461395263672,84.57473754882812,41.756839752197266,330.2713928222656,141.5808563232422,230.5605010986328,86.75399780273438,136.49790954589844,119.50135040283203,22.931650161743164,217.77296447753906,168.43406677246094,65.50064086914062,415.2872314453125,194.86553955078125,33.95393371582031,48.526458740234375,198.68202209472656,62.53569412231445,195.71800231933594,330.63812255859375,138.3440704345703,335.1833190917969,237.96165466308594,123.7838134765625,75.05298614501953,91.34432220458984,49.32414627075195,287.9465026855469,262.1898193359375,103.30123901367188,76.16642761230469,33.189998626708984,171.2991943359375,537.9893798828125,173.20860290527344,34.32394027709961,196.4476776123047,163.31431579589844,307.1025390625,168.9041290283203,79.9493637084961,129.57443237304688,52.149131774902344,112.51616668701172
2021-07-01,187.84085083007812,134.59902954101562,186.02000427246094,226.47999572753906,18.60914421081543,51.47195053100586,189.71298217773438,205.6836395263672,36.75,30.201244354248047,93.82372283935547,82.2088394165039,38.513580322265625,338.58642578125,157.11155700683594,250.86251831054688,90.94566345214844,145.58975219726562,121.05885314941406,24.277605056762695,204.35606384277344,176.50148010253906,63.0188102722168,421.52593994140625,207.6937255859375,32.32863998413086,48.58609390258789,201.44590759277344,65.07794189453125,205.3070068359375,324.8005065917969,137.863525390625,334.80523681640625,231.16558837890625,131.2703399658203,82.19388580322266,97.46086883544922,45.86454772949219,292.5596008300781,281.806884765625,111.14203643798828,77.63064575195312,33.37073516845703,164.66416931152344,532.8363037109375,191.5227813720703,33.08778762817383,195.40261840820312,150.27085876464844,317.2491149902344,183.61749267578125,82.44598388671875,137.11160278320312,47.59394454956055,118.04068756103516
2021-08-01,187.3122100830078,131.61758422851562,181.8699951171875,219.5,19.06449317932129,53.661258697509766,193.4934539794922,210.42831420898438,36.08000183105469,30.482221603393555,94.43212127685547,79.1926498413086,39.034820556640625,353.9805603027344,164.38876342773438,262.0867614746094,95.5640869140625,155.7963409423828,117.65126037597656,24.75633430480957,193.94659423828125,180.3551025390625,64.11979675292969,412.7322998046875,206.844970703125,31.2950439453125,52.71199035644531,206.9470672607422,68.15780639648438,210.98431396484375,316.70166015625,136.6701202392578,340.5794677734375,228.29708862304688,140.91098022460938,84.86964416503906,98.0174560546875,45.43592071533203,279.1053161621094,299.34454345703125,116.56016540527344,76.1296157836914,33.043113708496094,161.50546264648438,504.893310546875,186.7161407470703,33.588321685791016,194.62808227539062,154.43568420410156,339.4869384765625,195.04403686523438,87.34256744384766,143.44647216796875,45.75466537475586,128.119384765625
2021-09-01,179.9560089111328,120.22480010986328,175.02000427246094,219.94000244140625,21.301416397094727,48.220611572265625,176.15093994140625,200.24485778808594,34.68000030517578,27.86785888671875,90.82682800292969,83.0225830078125,41.12942123413086,314.6871032714844,146.60731506347656,244.29354858398438,85.32831573486328,138.16795349121094,112.45020294189453,22.876890182495117,160.52859497070312,176.50148010253906,62.72081756591797,374.05712890625,189.33665466308594,30.7529239654541,50.11716842651367,184.689453125,62.2614631652832,200.2993927001953,303.7625732421875,123.11119842529297,333.58624267578125,215.42987060546875,139.57371520996094,75.7219009399414,96.28777313232422,43.79874801635742,263.064697265625,270.4539794921875,113.16332244873047,77.20741271972656,37.04054260253906,147.0990447998047,519.1058959960938,162.88638305664062,36.97670364379883,175.9318084716797,143.75473022460938,337.8311462402344,193.8779296875,83.86013793945312,138.64039611816406,49.363346099853516,116.2483139038086
2021-10-01,202.0724639892578,128.35870361328125,179.9600067138672,207.02999877929688,22.43936538696289,48.768550872802734,188.23243713378906,213.87034606933594,38.8224983215332,33.89308166503906,103.33918762207031,93.6939926147461,37.77034378051758,321.48663330078125,159.41070556640625,267.43890380859375,87.8736801147461,152.4649658203125,116.34864044189453,25.42858123779297,172.4169158935547,183.6482391357422,63.84092330932617,440.7204895019531,194.99136352539062,29.264564514160156,53.44769287109375,203.67413330078125,67.09934997558594,209.6668243408203,292.51336669921875,125.39910125732422,330.8724060058594,263.87347412109375,166.59725952148438,73.90892028808594,106.12901306152344,49.73699188232422,279.02996826171875,293.77984619140625,126.86808013916016,79.8121109008789,38.16246795654297,150.80780029296875,518.4824829101562,170.69810485839844,38.65850830078125,216.67227172851562,168.5190887451172,364.9591979980469,203.55873107910156,88.25694274902344,148.73023986816406,54.104976654052734,122.74310302734375
2021-11-01,207.8333740234375,132.33352661132812,168.7899932861328,197.85000610351562,20.47173309326172,50.533294677734375,178.3968505859375,188.21534729003906,36.290000915527344,32.56327438354492,100.95703125,93.43582153320312,34.94215393066406,324.52020263671875,154.93214416503906,268.9880676269531,79.98979949951172,150.6218719482422,115.32827758789062,26.359655380249023,168.63955688476562,171.16651916503906,57.82636642456055,459.687744140625,181.16128540039062,27.745147705078125,58.0211181640625,207.4996337890625,68.37054443359375,191.03076171875,295.8209533691406,120.3066177368164,324.4831237792969,239.76791381835938,173.43927001953125,74.1998519897461,102.61663055419922,46.472015380859375,285.06707763671875,310.2863464355469,124.66252899169922,73.10691833496094,35.306034088134766,147.2693328857422,480.4411315917969,176.09463500976562,35.480045318603516,211.50230407714844,157.37242126464844,326.0960998535156,217.69273376464844,86.45726013183594,149.13864135742188,50.894264221191406,114.08014678955078
2021-12-01,222.9461669921875,142.75572204589844,157.0,201.32000732421875,21.00008201599121,50.79149627685547,190.75123596191406,195.74400329589844,37.904998779296875,35.3254280090332,105.97392272949219,97.14445495605469,37.72208023071289,323.0124816894531,171.71612548828125,282.6378173828125,84.66133117675781,160.6224365234375,127.34281921386719,28.538101196289062,189.91505432128906,188.82936096191406,57.56016540527344,494.85589599609375,186.77780151367188,31.39453125,61.531829833984375,221.68875122070312,74.68172454833984,194.83164978027344,315.42584228515625,125.67671966552734,360.085205078125,269.0892028808594,175.00680541992188,80.35548400878906,117.50981903076172,50.02004623413086,300.2235412597656,321.96142578125,131.8772735595703,77.75066375732422,36.448184967041016,158.94908142089844,528.8385620117188,191.2132568359375,38.72536849975586,227.20314025878906,170.04190063476562,319.8868103027344,221.71035766601562,89.71025085449219,155.47848510742188,52.042442321777344,112.95922088623047
2022-01-01,186.40928649902344,132.78500366210938,139.92999267578125,200.24000549316406,24.38312339782715,44.648555755615234,186.874267578125,198.2026824951172,32.3125,32.14990234375,93.62538146972656,108.71734619140625,38.310882568359375,354.5799255371094,160.66233825683594,231.446533203125,83.73249816894531,147.24807739257812,108.55765533447266,25.250381469726562,180.5309600830078,193.20217895507812,57.566253662109375,472.76953125,183.16781616210938,30.664657592773438,55.90276336669922,210.11929321289062,66.7460708618164,191.22262573242188,345.35223388671875,117.46240997314453,344.1121520996094,245.8418426513672,147.44070434570312,78.84194946289062,101.98008728027344,52.700706481933594,292.5697326660156,266.927490234375,120.7275161743164,81.48190307617188,43.166748046875,147.17665100097656,512.140869140625,163.83218383789062,44.472312927246094,220.54751586914062,160.41879272460938,308.1711120605469,190.11083984375,86.58385467529297,140.14492797851562,64.60441589355469,98.92410278320312
2022-02-01,184.84512329101562,126.00834655761719,140.25,205.33999633789062,23.269628524780273,42.026588439941406,173.912841796875,184.3604736328125,30.719999313354492,31.953752517700195,89.97677612304688,120.45732116699219,38.53289031982422,339.1494140625,148.80149841308594,211.1576690673828,85.06089782714844,143.40028381347656,98.01292419433594,23.05099868774414,163.20916748046875,213.56082153320312,58.1938362121582,457.09783935546875,170.90896606445312,35.450321197509766,50.24386978149414,194.3280029296875,59.664573669433594,230.52886962890625,387.6474304199219,106.1894302368164,412.9552307128906,232.8901824951172,153.34947204589844,72.5101318359375,103.10587310791016,52.21977233886719,280.6358642578125,247.03016662597656,113.748291015625,93.29987335205078,43.998165130615234,137.10643005371094,554.0303955078125,145.6885223388672,39.56313705444336,222.8965606689453,168.14495849609375,309.61517333984375,171.8975067138672,90.55028533935547,134.5182647705078,67.4360580444336,84.06392669677734
2022-03-01,206.7564697265625,129.52078247070312,137.72999572753906,191.5,23.42098617553711,42.953643798828125,206.58529663085938,185.25465393066406,31.36750030517578,35.28953170776367,101.98021697998047,136.20883178710938,38.19504928588867,392.3732604980469,148.83946228027344,229.3006134033203,89.75701904296875,141.81918334960938,97.82327270507812,26.60764503479004,170.48358154296875,219.69117736816406,55.800636291503906,494.2071838378906,175.25936889648438,35.47005844116211,50.09711837768555,189.14990234375,60.551536560058594,228.01976013183594,394.43890380859375,106.3537368774414,417.6999206542969,258.9464111328125,145.9931182861328,71.23265075683594,118.18291473388672,50.09253692626953,268.67718505859375,259.4938049316406,125.73410034179688,90.00213623046875,46.13132095336914,118.37881469726562,541.521728515625,145.15093994140625,40.15522766113281,247.60142517089844,171.37332153320312,341.9512939453125,208.39796447753906,93.8183822631836,148.2744903564453,71.02198028564453,80.5766372680664
2022-04-01,198.2514190673828,122.79090118408203,112.19999694824219,148.83999633789062,22.879276275634766,35.970855712890625,196.13607788085938,170.87576293945312,28.412500381469727,32.35894775390625,95.23652648925781,131.05592346191406,41.534820556640625,356.5699157714844,126.45188903808594,196.8252410888672,82.55265045166016,135.5206756591797,93.9448471069336,24.91116714477539,146.42771911621094,216.58900451660156,45.46379852294922,479.10662841796875,174.29563903808594,33.673858642578125,43.739200592041016,178.04840087890625,55.28779983520508,213.14390563964844,386.1461486816406,103.02482604980469,410.3961486816406,234.1249237060547,136.92108154296875,67.42803192138672,109.74807739257812,47.23725509643555,256.42498779296875,234.14024353027344,127.4136962890625,86.222900390625,44.871578216552734,101.74702453613281,494.3710632324219,132.97422790527344,38.70124053955078,212.32945251464844,143.8206329345703,304.7054443359375,198.1251678466797,87.71145629882812,153.8312530517578,73.30940246582031,76.07808685302734
2022-05-01,202.57666015625,118.13250732421875,101.36000061035156,131.39999389648438,26.069944381713867,36.94838333129883,201.08277893066406,190.22750854492188,28.63249969482422,30.05121612548828,95.74076080322266,147.30670166015625,40.24138259887695,337.89849853515625,127.50968170166016,196.30479431152344,81.6671371459961,130.27059936523438,103.83817291259766,24.12298011779785,165.4661407470703,205.9486083984375,47.74461364746094,468.3563232421875,175.289306640625,35.32160186767578,46.93470001220703,187.94850158691406,50.338035583496094,221.07278442382812,395.7454528808594,107.72439575195312,438.70391845703125,218.60748291015625,126.36979675292969,69.14983367919922,107.94657135009766,49.590484619140625,259.00372314453125,198.6564483642578,127.0056381225586,86.92993927001953,50.163475036621094,100.5106201171875,503.1479187011719,131.2346954345703,46.717994689941406,200.35653686523438,146.88429260253906,287.050048828125,169.84097290039062,92.30899047851562,148.28384399414062,83.39934539794922,79.9146499633789
2022-06-01,191.7614288330078,107.06414794921875,93.16999816894531,136.72000122070312,22.832340240478516,33.66189193725586,166.53028869628906,176.0459747314453,27.165000915527344,27.47053337097168,89.77994537353516,122.10614776611328,27.9633731842041,283.8663024902344,115.52144622802734,177.1181182861328,73.26646423339844,118.41841125488281,92.98114776611328,22.483552932739258,167.8817596435547,203.76806640625,38.875064849853516,436.9704284667969,157.3547821044922,31.055755615234375,41.887855529785156,165.73037719726562,44.54458999633789,222.84048461914062,386.6186218261719,93.3794174194336,448.6410217285156,207.32406616210938,125.41067504882812,65.68303680419922,99.26412200927734,47.02073287963867,234.14723205566406,185.7139129638672,124.6275863647461,87.8346939086914,44.29327392578125,89.41570281982422,446.0485534667969,124.05924987792969,42.3481559753418,194.43099975585938,147.11801147460938,233.8430938720703,168.3870086669922,80.21092224121094,143.6997528076172,74.39913940429688,74.15702056884766
2022-07-01,220.13674926757812,120.32417297363281,110.19000244140625,159.30999755859375,23.66187858581543,38.25899887084961,185.97323608398438,201.3162384033203,32.025001525878906,30.56167984008789,102.26881408691406,138.13059997558594,30.695035934448242,325.29876708984375,127.2906723022461,202.43873596191406,82.96592712402344,139.4722442626953,101.36720275878906,23.281551361083984,172.6062469482422,208.7598114013672,45.1273078918457,522.6471557617188,174.23915100097656,36.66455078125,49.572608947753906,188.92808532714844,50.1545295715332,221.2454833984375,372.0966491699219,103.35881805419922,448.95050048828125,229.1063995361328,148.52267456054688,72.65380859375,111.82576751708984,52.26302719116211,275.1051330566406,237.8659210205078,132.04600524902344,85.18440246582031,45.216583251953125,82.9947509765625,517.2523803710938,140.41326904296875,41.077064514160156,207.21197509765625,157.07147216796875,310.6258850097656,185.0807647705078,91.34154510498047,154.57730102539062,84.2072525024414,87.29432678222656
2022-08-01,223.14044189453125,117.07005310058594,116.68000030517578,160.25,25.1314640045166,36.928001403808594,173.271728515625,197.2577667236328,29.912500381469727,30.010591506958008,98.04862213134766,134.5176239013672,29.990402221679688,346.2188720703125,119.46087646484375,182.90318298339844,75.738525390625,129.12876892089844,98.16161346435547,22.81464958190918,156.1076202392578,210.84124755859375,44.8403434753418,535.3133544921875,172.27960205078125,35.00467300415039,47.17132568359375,177.1700897216797,50.36851119995117,210.3846435546875,380.2662048339844,90.6490707397461,449.6705322265625,222.87403869628906,132.8145294189453,67.3661117553711,108.17224884033203,50.15403747558594,253.33291625976562,221.75897216796875,135.91238403320312,82.49998474121094,45.304107666015625,75.12419128417969,513.2042236328125,147.17645263671875,40.63460159301758,205.81979370117188,157.93954467773438,281.1392822265625,182.07473754882812,85.79025268554688,158.776123046875,83.85002136230469,86.6968765258789
2022-09-01,207.39837646484375,110.68563842773438,115.75,121.08000183105469,23.26534652709961,33.5674934387207,153.9192352294922,186.39520263671875,26.600000381469727,25.260095596313477,93.55396270751953,122.27095031738281,27.084991455078125,317.53021240234375,111.44964599609375,166.46131896972656,67.84407806396484,126.02908325195312,84.25164794921875,20.869983673095703,110.54704284667969,195.40550231933594,37.84736633300781,471.8887634277344,151.91722106933594,30.558691024780273,43.07856369018555,165.4252166748047,46.106170654296875,192.5583953857422,349.6537170410156,80.5526351928711,442.4549255371094,192.18333435058594,121.86996459960938,59.512027740478516,98.41096496582031,47.964698791503906,231.6418914794922,201.32763671875,130.01922607421875,75.24734497070312,42.55062484741211,64.7232437133789,448.608154296875,138.9349365234375,37.944393157958984,178.6014404296875,131.16835021972656,260.03741455078125,166.1731414794922,79.6239242553711,151.05638122558594,76.58690643310547,83.13765716552734
2022-10-01,221.61981201171875,126.54524993896484,145.44000244140625,142.50999450683594,27.11981201171875,37.68434524536133,204.4142608642578,223.9471435546875,28.7549991607666,27.554744720458984,103.03973388671875,153.95570373535156,32.75102233886719,376.42578125,124.93870544433594,164.6260986328125,80.24168395996094,141.82049560546875,93.35323333740234,22.052886962890625,119.34050750732422,231.34817504882812,47.56748580932617,563.6830444335938,185.62705993652344,35.12322998046875,50.2882080078125,195.53416442871094,54.180843353271484,228.359130859375,440.52264404296875,91.69878387451172,516.4828491210938,209.06874084472656,134.5238037109375,65.8923110961914,103.76081848144531,55.49555206298828,277.8249206542969,238.9426727294922,126.7505874633789,87.16044616699219,47.57017517089844,67.54590606689453,492.1509094238281,153.15370178222656,44.6735725402832,180.72828674316406,136.22706604003906,303.92572021484375,178.1588897705078,91.30079650878906,149.3214874267578,97.20073699951172,97.47928619384766
2022-11-01,242.19552612304688,138.9987335205078,184.02999877929688,178.8800048828125,29.570457458496094,42.00629425048828,223.2541046142578,231.49185180664062,33.279998779296875,31.094806671142578,111.57827758789062,157.2135467529297,34.1409912109375,419.39202880859375,136.1968231201172,192.03041076660156,89.24693298339844,155.2599639892578,111.3835220336914,23.503908157348633,135.67645263671875,233.746826171875,52.55593490600586,583.4293823242188,200.73524475097656,37.259952545166016,53.76313400268555,208.29937744140625,62.236785888671875,211.46316528320312,441.9125061035156,92.90526580810547,503.36126708984375,236.4308319091797,148.2456512451172,73.11203002929688,109.5273208618164,60.91915512084961,287.0988464355469,248.4478302001953,133.12539672851562,91.27747344970703,50.44744110107422,71.03135681152344,537.232177734375,171.18138122558594,50.91334915161133,199.32920837402344,155.49935913085938,339.8526916503906,179.01638793945312,99.09915161132812,158.13726806640625,98.45187377929688,107.20536804199219
2022-12-01,220.0769805908203,136.57508850097656,165.92999267578125,190.49000549316406,28.77147674560547,39.272178649902344,226.22877502441406,223.31646728515625,30.44499969482422,29.468252182006836,109.12335968017578,153.93739318847656,31.718210220336914,408.89239501953125,129.92189025878906,189.10183715820312,89.5171890258789,149.08567810058594,99.73270416259766,21.592025756835938,129.82887268066406,229.78298950195312,51.272727966308594,538.14306640625,195.93515014648438,38.98101806640625,52.049720764160156,202.93968200683594,60.276615142822266,193.89088439941406,443.09649658203125,88.44326782226562,514.9899291992188,227.13949584960938,139.16506958007812,73.31800842285156,102.04772186279297,58.52189636230469,279.4733581542969,242.1947784423828,123.74976348876953,93.31161499023438,49.13600158691406,65.29459381103516,538.2152099609375,161.87835693359375,52.120849609375,191.00119018554688,142.47621154785156,342.153564453125,172.20166015625,97.8443603515625,148.4921112060547,97.53226470947266,105.50688171386719
2023-01-01,208.05322265625,141.6580352783203,195.44000244140625,213.0,29.84227752685547,43.346961975097656,239.38658142089844,229.9987335205078,33.30500030517578,29.41118049621582,107.2193374633789,149.24610900878906,37.74138641357422,403.2467346191406,145.6764373779297,216.18865966796875,84.07496643066406,154.08212280273438,103.79225158691406,23.065866470336914,145.3154296875,216.99832153320312,63.08576965332031,570.2914428710938,190.61392211914062,40.24707794189453,55.78535842895508,217.43931579589844,65.5225601196289,200.04632568359375,421.93853759765625,84.8736801147461,422.89569091796875,226.57720947265625,163.4201202392578,76.98812866210938,102.31263732910156,64.63604736328125,313.08697509765625,265.1946716308594,119.74915313720703,92.3222885131836,50.740787506103516,77.62860107421875,613.521728515625,172.50079345703125,52.08726501464844,188.3446502685547,151.811279296875,424.4909973144531,177.44329833984375,101.76559448242188,146.45706176757812,102.58130645751953,99.24726104736328
2023-02-01,202.5342559814453,138.37362670898438,200.30999755859375,201.5500030517578,32.9379768371582,42.87094497680664,227.2981719970703,225.4602508544922,35.22999954223633,29.10628318786621,106.21862030029297,139.10130310058594,37.00779342651367,399.8135681152344,144.31573486328125,197.41448974609375,77.54036712646484,166.1647491455078,100.34690856933594,23.690759658813477,152.33155822753906,212.2032470703125,66.40153503417969,648.3582153320312,175.998046875,41.76176834106445,57.86724090576172,214.7863006591797,59.071083068847656,196.66595458984375,434.6770324707031,80.51237487792969,439.6607971191406,208.36016845703125,166.56695556640625,79.4983901977539,98.14889526367188,64.25889587402344,339.1947021484375,278.4350280761719,123.69218444824219,91.19400024414062,52.91902542114258,74.41254425048828,635.8486938476562,178.1345672607422,51.97813034057617,192.4845733642578,150.88296508789062,452.516845703125,167.01864624023438,102.44293212890625,141.75282287597656,97.93526458740234,98.25174713134766
2023-03-01,206.28494262695312,142.3115234375,224.85000610351562,212.42999267578125,31.55724334716797,43.556419372558594,217.13595581054688,221.564697265625,37.60499954223633,28.58124542236328,112.08345794677734,141.16917419433594,33.706626892089844,394.9801025390625,146.2797393798828,197.71664428710938,81.6934814453125,163.5576934814453,105.6828842163086,24.784317016601562,172.22669982910156,212.4825897216797,75.00733184814453,668.1262817382812,175.66712951660156,41.949867248535156,57.97685241699219,225.49911499023438,57.06206512451172,183.75157165527344,433.2746887207031,78.5470199584961,437.3966979980469,196.47877502441406,167.34266662597656,79.29170227050781,101.87391662597656,65.14892578125,324.0208740234375,277.0378112792969,130.20458984375,91.0452651977539,50.1063232421875,70.68851470947266,630.01904296875,177.89981079101562,50.22914505004883,186.894287109375,160.39117431640625,382.2339782714844,187.6250457763672,99.23206329345703,155.17039489746094,97.71249389648438,100.21391296386719
2023-04-01,203.84800720214844,135.0652313232422,210.7100067138672,206.77999877929688,33.50357437133789,39.81486129760742,208.7364044189453,218.00306701660156,39.525001525878906,29.249473571777344,110.40950775146484,145.85865783691406,33.11783218383789,361.6313781738281,140.71505737304688,203.11669921875,78.05599975585938,159.5293731689453,109.25299072265625,24.901248931884766,171.69151306152344,204.47018432617188,77.65142822265625,674.6834106445312,183.68209838867188,43.85083770751953,56.8209114074707,224.1004638671875,56.701995849609375,182.73089599609375,425.685791015625,79.37651062011719,436.9704895019531,188.1654815673828,157.30233764648438,80.13721466064453,97.66881561279297,66.47503662109375,313.1947326660156,267.5594482421875,139.25595092773438,92.87673950195312,53.97270202636719,75.741455078125,653.9103393554688,179.66932678222656,54.38016891479492,181.7311553955078,148.6671142578125,348.7681579589844,189.82537841796875,95.90338897705078,157.90921020507812,105.4468002319336,99.39075469970703
2023-05-01,193.64634704589844,142.0569305419922,192.91000366210938,205.6999969482422,28.34507179260254,39.11507034301758,196.28665161132812,190.98329162597656,43.79499816894531,29.383020401000977,114.65316772460938,131.595458984375,35.06763458251953,330.9804992675781,128.8378143310547,203.72889709472656,73.28680419921875,168.7722930908203,106.50369262695312,24.905866622924805,164.30465698242188,191.20965576171875,79.65997314453125,631.2902221679688,177.0323028564453,42.364017486572266,56.481075286865234,202.60186767578125,56.569332122802734,164.72467041015625,409.6954650878906,70.78900909423828,414.3358154296875,194.23023986816406,152.4171600341797,75.00214385986328,94.06651306152344,61.426002502441406,310.3194580078125,264.1708068847656,136.37684631347656,86.18887329101562,49.23093032836914,65.76717376708984,661.30419921875,157.8355712890625,47.88993835449219,179.98989868164062,139.40240478515625,323.7876281738281,214.27354431152344,91.11957550048828,153.98167419433594,91.8375015258789,96.22783660888672
2023-06-01,204.83627319335938,158.78172302246094,195.1199951171875,211.16000366210938,29.67361831665039,47.723690032958984,234.73301696777344,229.056640625,45.60499954223633,32.66908645629883,120.70950317382812,137.47540283203125,45.88811492919922,388.822998046875,142.6753692626953,229.78338623046875,85.27799987792969,192.95115661621094,116.9503402709961,27.283145904541016,187.90940856933594,201.48281860351562,86.18781280517578,767.047607421875,191.72344970703125,49.11253356933594,65.15361022949219,232.94451904296875,64.93270111083984,184.50709533691406,424.8003234863281,75.93260192871094,433.6592102050781,211.56521606445312,181.76852416992188,83.96354675292969,100.2879867553711,74.70610046386719,377.72125244140625,312.3872375488281,147.97247314453125,91.63297271728516,53.08149719238281,83.07969665527344,764.3228149414062,185.79287719726562,49.70084762573242,191.3023681640625,149.6280517578125,432.0240783691406,221.38743591308594,107.88170623779297,165.63394165039062,96.39431762695312,108.15548706054688
2023-07-01,230.43728637695312,155.5644989013672,185.92999267578125,238.85000610351562,31.36373519897461,57.170509338378906,254.22637939453125,243.66928100585938,44.19499969482422,31.92182731628418,121.91397857666016,142.98841857910156,44.74638366699219,412.2469787597656,141.05194091796875,199.29534912109375,86.18367767333984,197.00015258789062,122.90745544433594,27.27024269104004,204.6234130859375,210.6695556640625,89.69847106933594,718.316162109375,179.36996459960938,50.67826461791992,65.06388092041016,245.19883728027344,66.27633666992188,178.58837890625,411.873046875,84.58871459960938,423.3838195800781,217.9375457763672,206.22061157226562,85.80297088623047,112.4799575805664,76.92092895507812,397.060546875,318.87298583984375,145.98239135742188,82.25078582763672,54.18040466308594,88.00896453857422,769.0668334960938,193.73907470703125,52.468711853027344,216.9190216064453,156.2058563232422,450.75537109375,224.2376708984375,116.50872039794922,156.43629455566406,96.38534545898438,108.28033447265625
2023-08-01,237.28721618652344,156.45706176757812,212.91000366210938,224.02999877929688,31.631378173828125,55.1544189453125,269.5277404785156,216.48214721679688,44.83000183105469,29.0366153717041,122.76947021484375,142.1044464111328,41.47697448730469,394.3407287597656,143.8037567138672,201.8539276123047,93.19808197021484,221.91416931152344,112.68285369873047,26.790998458862305,197.8544464111328,213.55287170410156,89.87120056152344,696.449951171875,174.60093688964844,49.06418991088867,69.41099548339844,230.327880859375,56.280094146728516,167.84425354003906,416.461669921875,82.13471984863281,413.84307861328125,192.40089416503906,210.09439086914062,81.02276611328125,110.36821746826172,73.7254867553711,405.23858642578125,297.0882873535156,139.2392578125,81.04447174072266,55.168968200683594,83.6736831665039,772.59716796875,200.12155151367188,54.24497604370117,207.42108154296875,142.68727111816406,463.6703796386719,237.24490356445312,110.85073852539062,149.7410125732422,100.75474548339844,99.75726318359375
2023-09-01,225.333740234375,145.1712188720703,198.99000549316406,191.67999267578125,32.941558837890625,52.99431610107422,261.7332458496094,214.99530029296875,43.09000015258789,29.565425872802734,117.12981414794922,148.73773193359375,35.789363861083984,363.4127502441406,135.2802276611328,179.22323608398438,91.60446166992188,205.45147705078125,110.67462921142578,25.42306900024414,201.8032684326172,208.21026611328125,86.8636245727539,674.7023315429688,171.62806701660156,45.870601654052734,63.537837982177734,215.76028442382812,51.0474853515625,165.1598663330078,379.8732604980469,72.08636474609375,420.62750244140625,184.81781005859375,201.3173370361328,76.06005859375,104.13782501220703,76.1713638305664,378.6244812011719,272.1373291015625,138.18414306640625,67.79138946533203,57.203697204589844,74.74027252197266,720.6946411132812,197.83038330078125,57.399810791015625,191.4909210205078,131.29083251953125,432.5638122558594,231.7085723876953,104.69344329833984,146.25228881835938,106.54502868652344,87.70428466796875
2023-10-01,204.3907470703125,138.30369567871094,204.49000549316406,186.82000732421875,31.120922088623047,45.9362678527832,217.84072875976562,203.55194091796875,43.52000045776367,28.70009994506836,123.4878158569336,128.5467529296875,30.312103271484375,351.8376159667969,126.01009368896484,165.90725708007812,84.39524841308594,200.27857971191406,105.48027038574219,27.31062126159668,182.89663696289062,228.75245666503906,85.35501098632812,711.7512817382812,170.25308227539062,43.73823928833008,60.50652313232422,209.96131896972656,47.02777099609375,170.17764282226562,422.3042907714844,70.0304946899414,450.4791259765625,179.0554656982422,185.33555603027344,73.1241226196289,100.27318572998047,73.94051361083984,358.59100341796875,250.18508911132812,143.9826202392578,76.66445922851562,57.878990173339844,76.05479431152344,707.8386840820312,185.5458221435547,58.133018493652344,195.23365783691406,118.97628021240234,395.29815673828125,222.99888610839844,104.4471664428711,157.65963745117188,95.91588592529297,90.12260437011719
2023-11-01,215.34925842285156,152.51034545898438,229.8699951171875,231.6300048828125,31.26479148864746,50.08074188232422,241.61480712890625,212.54420471191406,50.220001220703125,31.162673950195312,135.06085205078125,127.99567413330078,35.82164001464844,350.92279052734375,137.38038635253906,213.404541015625,84.83283996582031,220.20867919921875,116.86224365234375,28.07366943359375,197.1642303466797,234.11793518066406,95.70320129394531,768.5438842773438,183.08558654785156,52.22252655029297,71.24607849121094,226.9085235595703,50.65414810180664,182.09852600097656,418.8879699707031,77.48322296142578,455.85150146484375,206.20579528808594,191.4369659423828,81.58186340332031,110.98920440673828,82.51692962646484,422.5782165527344,263.4894104003906,156.92738342285156,77.31497955322266,59.05824279785156,82.01239776611328,853.3071899414062,220.50999450683594,59.398677825927734,211.8408660888672,129.1981201171875,464.7327880859375,236.79901123046875,115.00362396240234,164.7286376953125,93.94908905029297,101.62066650390625
2023-12-01,219.5287628173828,162.26039123535156,258.3299865722656,260.6600036621094,30.498031616210938,55.557411193847656,284.9324035644531,227.1556854248047,49.0,33.44922637939453,147.12294006347656,132.95150756835938,39.022586822509766,386.4848937988281,149.691650390625,242.39955139160156,92.87715911865234,232.9072265625,123.52400207519531,30.510848999023438,193.6118927001953,246.15707397460938,100.34706115722656,810.0899658203125,195.9722137451172,53.731624603271484,77.14086151123047,246.70201110839844,55.67824172973633,201.0041046142578,424.005126953125,85.49979400634766,449.1167907714844,223.4274139404297,199.6403045654297,85.08135223388672,108.38668823242188,90.71662139892578,449.42474365234375,297.0091552734375,160.42652893066406,79.83900451660156,59.05824279785156,88.50843048095703,896.4923706054688,238.59803771972656,59.509971618652344,232.2738494873047,133.9873504638672,559.8231811523438,234.60093688964844,125.20558166503906,172.54165649414062,91.42525482177734,110.5425796508789
2024-01-01,231.5996856689453,159.46566772460938,249.05999755859375,211.0399932861328,30.239564895629883,52.907676696777344,290.7446594238281,226.89967346191406,48.040000915527344,34.442955017089844,147.58920288085938,131.40948486328125,37.96531295776367,380.4053955078125,145.76956176757812,239.50787353515625,87.53337097167969,237.994384765625,122.67915344238281,32.323143005371094,184.67254638671875,252.53370666503906,104.11311340332031,875.5372314453125,189.01025390625,55.856258392333984,79.65438842773438,245.72244262695312,50.8967170715332,198.90455627441406,401.7122497558594,73.79167938232422,428.60565185546875,222.34988403320312,192.59210205078125,84.10188293457031,110.77081298828125,93.2620620727539,453.13165283203125,242.29086303710938,166.4676971435547,86.46220397949219,56.46434783935547,84.17774200439453,968.3464965820312,246.57086181640625,57.566932678222656,230.67568969726562,120.92352294921875,610.57080078125,237.2233428955078,129.813232421875,178.83255004882812,94.01310729980469,108.68666076660156
2024-02-01,236.64100646972656,177.3065643310547,307.3699951171875,203.72000122070312,30.516878128051758,53.7490119934082,323.3228759765625,256.3270568847656,53.150001525878906,36.720157623291016,153.800537109375,136.97023010253906,41.098941802978516,352.8304443359375,161.45367431640625,268.58697509765625,102.46797180175781,279.5041198730469,116.14363861083984,34.587608337402344,190.5504608154297,260.4054260253906,123.35226440429688,953.4775390625,186.7322540283203,66.12836456298828,91.09485626220703,246.89976501464844,57.25276565551758,201.9966278076172,403.5570373535156,73.24427795410156,444.1031494140625,240.8782196044922,217.93812561035156,90.96591186523438,112.39373016357422,103.28162384033203,523.8529663085938,273.927978515625,178.60842895507812,85.64647674560547,57.01091766357422,80.559814453125,1043.7276611328125,276.6598205566406,56.58658218383789,241.14303588867188,127.76018524169922,678.498291015625,237.5867156982422,139.60861206054688,198.1194305419922,96.46503448486328,123.16715240478516
2024-03-01,236.6905975341797,180.26300048828125,312.8800048828125,192.99000549316406,32.86298751831055,56.21500778198242,354.75860595703125,281.17633056640625,57.91999816894531,35.87813186645508,168.0940704345703,142.1333770751953,46.54380416870117,398.4608459472656,172.98329162597656,262.62799072265625,108.7685317993164,303.35302734375,118.05670928955078,36.54413986206055,222.876220703125,269.21112060546875,138.00765991210938,996.4176025390625,192.858642578125,67.9964599609375,94.7265853881836,254.05996704101562,63.459312438964844,204.47100830078125,428.6521301269531,84.33589172363281,461.0958557128906,242.29469299316406,216.28897094726562,94.75533294677734,112.55873107910156,115.3896713256836,543.75244140625,279.9335632324219,186.23526000976562,93.15379333496094,60.83100128173828,89.15666961669922,1091.4591064453125,294.5465087890625,61.52238082885742,233.7667999267578,128.07904052734375,705.7450561523438,231.90957641601562,143.9463653564453,206.07730102539062,107.28182983398438,125.29024505615234
2024-04-01,229.25076293945312,172.1417999267578,313.6600036621094,167.83999633789062,33.81363296508789,59.464324951171875,325.0941467285156,269.5722961425781,54.310001373291016,32.151920318603516,161.07455444335938,145.31410217285156,48.6828498840332,379.70867919921875,175.04318237304688,216.16348266601562,103.35983276367188,308.7666015625,108.09321594238281,32.372772216796875,201.3685760498047,274.94097900390625,159.70079040527344,902.4371337890625,181.09446716308594,66.32710266113281,93.10042572021484,231.12803649902344,63.216426849365234,205.3825225830078,438.13232421875,91.77476501464844,467.2320861816406,218.95599365234375,179.2069091796875,87.0523452758789,108.90148162841797,98.82958984375,533.1080322265625,260.36041259765625,187.01080322265625,96.96478271484375,65.02310943603516,83.211669921875,1106.01953125,311.36370849609375,64.77592468261719,225.43055725097656,127.08807373046875,653.7568359375,214.42758178710938,159.16314697265625,201.11753845214844,109.15536499023438,126.7055892944336
2024-05-01,232.12245178222656,167.13504028320312,281.6700134277344,177.61000061035156,33.149818420410156,61.29887008666992,328.9322509765625,270.4300842285156,53.060001373291016,32.78301239013672,166.20249938964844,147.71893310546875,49.70102310180664,363.5564270019531,179.96121215820312,227.52517700195312,108.05429077148438,323.8870544433594,117.40606689453125,31.438846588134766,195.3531951904297,287.0843505859375,162.97731018066406,904.4840087890625,190.98927307128906,84.1653823852539,92.85135650634766,229.84036254882812,69.8615951538086,215.7259979248047,443.2304992675781,95.88801574707031,436.1523132324219,214.96694946289062,172.83590698242188,95.0697021484375,111.03679656982422,100.4061508178711,521.5401000976562,248.6045684814453,180.66006469726562,103.59201049804688,66.66509246826172,79.36062622070312,1190.3868408203125,321.2930603027344,65.35690307617188,222.5673828125,121.05293273925781,656.7130737304688,248.68324279785156,167.41371154785156,203.73760986328125,109.10226440429688,137.06793212890625
2024-06-01,227.52197265625,164.57139587402344,294.239990234375,182.00999450683594,31.852766036987305,61.373748779296875,323.6658020019531,265.8226318359375,54.15999984741211,32.49161148071289,171.66683959960938,142.3671875,46.21356201171875,363.8798828125,176.66192626953125,238.4102783203125,106.12750244140625,305.106689453125,121.91981506347656,29.942668914794922,231.90707397460938,277.8618469238281,156.8881072998047,885.6180419921875,201.71047973632812,77.1855697631836,90.64608764648438,225.68927001953125,64.92896270751953,216.5946807861328,443.1451110839844,97.85098266601562,421.81292724609375,205.29917907714844,174.43075561523438,92.25212097167969,109.55828857421875,96.14704895019531,496.31280517578125,265.73944091796875,189.58624267578125,96.46232604980469,66.11551666259766,73.41644287109375,1132.233642578125,323.5889587402344,60.37895965576172,216.29624938964844,119.24059295654297,634.4632568359375,265.576416015625,156.3537139892578,207.02777099609375,107.11113739013672,131.82894897460938
2024-07-01,250.33230590820312,171.25454711914062,300.010009765625,190.60000610351562,31.22629737854004,66.26769256591797,337.7647705078125,280.09619140625,52.33000183105469,34.094329833984375,187.27780151367188,146.0533447265625,42.05392837524414,362.27288818359375,180.39195251464844,274.7037353515625,112.82307434082031,296.5826416015625,121.94912719726562,33.90316390991211,233.7710418701172,287.50225830078125,168.2553253173828,958.8142700195312,193.4074249267578,95.15213012695312,100.18566131591797,235.51840209960938,69.88141632080078,218.82254028320312,514.1279907226562,122.13418579101562,468.6143493652344,238.64393615722656,207.59828186035156,90.56539154052734,118.30003356933594,92.14948272705078,550.6234741210938,268.99261474609375,190.09400939941406,112.89329528808594,67.06813049316406,97.06151580810547,1146.95361328125,328.85205078125,61.37501907348633,235.86480712890625,113.59440612792969,742.7398071289062,257.89141845703125,159.42042541503906,196.66375732421875,110.3397216796875,129.7586669921875
2024-08-01,263.00048828125,168.855712890625,364.9700012207031,173.74000549316406,30.400121688842773,70.81137084960938,347.423583984375,302.0997314453125,52.959999084472656,33.40622329711914,197.77725219726562,136.16522216796875,41.535831451416016,375.6738586425781,182.63873291015625,302.0000915527344,102.04579162597656,299.6700744628906,120.57154846191406,32.71954345703125,231.07949829101562,288.1278381347656,172.62484741210938,968.8027954101562,197.46697998046875,96.19032287597656,91.27481842041016,241.13775634765625,71.16104125976562,228.2548065185547,538.9653930664062,129.66627502441406,506.2432861328125,246.30438232421875,190.4317626953125,91.12877655029297,122.21054077148438,90.12169647216797,590.561767578125,263.8797912597656,203.68194580078125,119.14862060546875,66.26226806640625,94.06568145751953,1216.95556640625,355.7875061035156,62.47972869873047,246.11509704589844,113.43473815917969,728.8900756835938,268.7982482910156,167.96505737304688,205.76625061035156,110.61841583251953,134.03097534179688
2024-09-01,265.11529541015625,169.7910919189453,399.6000061035156,152.0399932861328,28.099525451660156,78.31281280517578,381.59027099609375,312.663818359375,52.400001525878906,33.659671783447266,202.29721069335938,135.5393829345703,49.64944076538086,407.87384033203125,188.24464416503906,289.31915283203125,105.8995132446289,323.600341796875,128.3777618408203,34.2242317199707,212.71109008789062,290.8613586425781,186.7014617919922,1021.8110961914062,196.32723999023438,99.76287078857422,97.97197723388672,251.0314178466797,76.18379211425781,230.5623321533203,557.6734619140625,131.601318359375,512.96533203125,238.93907165527344,196.46226501464844,100.0308837890625,124.99568176269531,92.46422576904297,621.674072265625,260.416748046875,196.47218322753906,117.0427017211914,60.982357025146484,102.02336120605469,1264.740234375,383.3570556640625,59.2624397277832,236.8794403076172,120.30875396728516,796.2174682617188,264.39263916015625,180.04957580566406,202.18714904785156,109.943115234375,131.5946044921875
2024-10-01,277.1002502441406,181.29107666015625,423.5,149.30999755859375,26.28232192993164,70.93788146972656,368.35247802734375,317.6754455566406,51.470001220703125,32.7921028137207,202.22840881347656,136.96592712402344,56.10010528564453,395.520263671875,185.87860107421875,260.9247741699219,104.83440399169922,323.7370300292969,116.26298522949219,37.657814025878906,212.84320068359375,282.0213928222656,170.0688018798828,1091.07861328125,195.3489990234375,99.23544311523438,95.81611633300781,250.1309814453125,74.1616439819336,239.86744689941406,520.9346923828125,123.67827606201172,494.4601745605469,240.79483032226562,199.11289978027344,94.50675964355469,129.78350830078125,97.71149444580078,623.8878784179688,258.7192077636719,194.2537384033203,116.87847137451172,62.461849212646484,86.09871673583984,1218.513671875,365.0436706542969,57.37322998046875,223.0307159423828,118.296875,799.2362060546875,271.0626525878906,186.20079040527344,210.2220458984375,109.5304183959961,118.68168640136719
2024-11-01,294.04779052734375,192.2077178955078,646.9600219726562,155.44000244140625,26.660036087036133,75.47393035888672,397.6385192871094,363.948486328125,63.38999938964844,35.74601745605469,222.2600860595703,150.5519256591797,62.57093811035156,455.3432922363281,202.6519012451172,257.91595458984375,128.9200897216797,367.57147216796875,118.8422622680664,40.24925994873047,235.24285888671875,274.6712951660156,180.34539794921875,1187.663818359375,222.31935119628906,117.88956451416016,103.99040222167969,265.83062744140625,82.3189468383789,239.8111572265625,505.0599670410156,129.23321533203125,475.6442565917969,266.67437744140625,222.6717529296875,99.4961166381836,137.15257263183594,109.91260528564453,693.2508544921875,287.6141052246094,214.16966247558594,118.31673431396484,60.49613952636719,83.62952423095703,1172.357421875,410.46710205078125,53.182125091552734,235.1303253173828,121.23563385009766,853.1499633789062,290.2931823730469,198.92080688476562,222.26951599121094,111.54627990722656,123.87109375
2024-12-01,281.89697265625,178.50318908691406,594.3200073242188,177.0,26.887435913085938,66.81259155273438,355.1928405761719,338.2903747558594,57.38999938964844,31.56016731262207,179.84373474121094,134.6627655029297,59.31591033935547,415.6853942871094,184.6405792236328,251.29946899414062,120.49066925048828,324.9319763183594,108.87566375732422,34.63767623901367,219.73721313476562,254.8260498046875,165.3975372314453,1038.592529296875,215.6000518798828,108.9168930053711,90.30402374267578,244.31796264648438,77.836669921875,204.78167724609375,466.4972839355469,124.93608856201172,457.7926025390625,226.89315795898438,174.6738739013672,89.47694396972656,131.47967529296875,100.52393341064453,627.298828125,278.50250244140625,197.37355041503906,112.38291931152344,58.543148040771484,75.06556701660156,1185.746826171875,364.9835510253906,50.75566482543945,220.42225646972656,112.6423110961914,693.9871826171875,272.1352233886719,187.98423767089844,197.18870544433594,101.7212142944336,113.38480377197266
2025-01-01,291.7964782714844,182.76129150390625,652.1799926757812,176.52000427246094,28.25181770324707,63.9936408996582,365.0250549316406,345.7141418457031,57.93000030517578,32.14696502685547,197.43438720703125,138.7071075439453,65.95341491699219,467.54547119140625,200.4669189453125,270.9518127441406,126.34359741210938,319.615478515625,111.63761901855469,35.48179244995117,206.88088989257812,249.849853515625,201.8704833984375,1047.0860595703125,213.52890014648438,126.05558776855469,93.6382827758789,249.71388244628906,76.91956329345703,206.46641540527344,444.4271240234375,147.30242919921875,475.3320617675781,246.80792236328125,183.7937469482422,92.1918716430664,138.4652862548828,107.15338134765625,697.3439331054688,271.3302001953125,213.38186645507812,125.23140716552734,61.53337097167969,82.33931732177734,1266.2698974609375,358.4615478515625,54.04313659667969,239.5124969482422,102.03910064697266,746.8115844726562,284.00152587890625,206.15896606445312,215.23753356933594,101.02144622802734,121.22264862060547
2025-02-01,303.5160827636719,187.45510864257812,528.4500122070312,174.6300048828125,30.548757553100586,63.42595672607422,338.0098876953125,358.9910583496094,54.79999923706055,31.433542251586914,204.64349365234375,149.1102294921875,59.08699417114258,471.6954650878906,196.14846801757812,242.1754608154297,118.73538970947266,287.1878967285156,115.35297393798828,36.6880989074707,205.3422088623047,245.5913543701172,205.2519989013672,1008.2294921875,204.27969360351562,136.13961791992188,84.63382720947266,254.35818481445312,84.47345733642578,200.72073364257812,432.3504333496094,150.8690185546875,450.4275207519531,238.85781860351562,174.77288818359375,96.78948211669922,143.1511688232422,103.95909118652344,660.8905639648438,281.07855224609375,233.2078094482422,129.80857849121094,63.7149772644043,80.89952850341797,1279.2381591796875,349.5185546875,56.09199523925781,239.76023864746094,107.84869384765625,634.2968139648438,293.3582763671875,184.029541015625,227.47206115722656,106.21844482421875,128.31378173828125
2025-03-01,295.791015625,170.76849365234375,525.9500122070312,170.5500030517578,31.16674041748047,62.05564498901367,324.1042175292969,305.61724853515625,56.59000015258789,28.900009155273438,202.70059204101562,157.2604522705078,42.85084533691406,462.08062744140625,173.3629608154297,240.5556640625,107.04833221435547,267.1219482421875,118.19355010986328,37.5698127746582,191.44869995117188,265.0169982910156,198.8483123779297,975.2737426757812,203.18580627441406,129.29278564453125,79.9116439819336,240.43357849121094,79.35523223876953,204.95448303222656,432.0022888183594,142.83538818359375,501.7042541503906,230.2074432373047,164.09356689453125,100.10698699951172,145.6145477294922,94.39105224609375,600.921875,252.9168701171875,238.26512145996094,129.291259765625,69.21190643310547,72.58535766601562,1294.2930908203125,333.85528564453125,61.051517486572266,229.60377502441406,99.65788269042969,618.8719482421875,294.517578125,180.04833984375,227.0703125,113.4695053100586,117.1087417602539
2025-04-01,291.01812744140625,168.22889709472656,613.2999877929688,183.24000549316406,25.32816505432129,61.2138786315918,305.3921203613281,286.50640869140625,61.029998779296875,27.564496994018555,208.76589965820312,127.90277862548828,40.914703369140625,456.3802795410156,168.39932250976562,256.9212951660156,102.62541961669922,289.2715759277344,108.03038024902344,39.43802261352539,165.17926025390625,266.0378112792969,200.22927856445312,1011.2901611328125,201.98635864257812,138.11294555664062,75.31845092773438,232.58102416992188,83.10952758789062,215.44161987304688,462.0202941894531,135.10325622558594,476.7077331542969,217.7664031982422,152.02334594726562,93.38468170166016,138.85670471191406,87.45010375976562,598.1636962890625,242.44309997558594,247.3054962158203,123.1126708984375,60.900421142578125,56.667179107666016,1322.156982421875,379.82330322265625,53.6524772644043,209.6018829345703,86.34781646728516,623.5625610351562,293.3399353027344,183.41400146484375,228.88485717773438,100.7801513671875,118.19689178466797
2025-05-01,315.1534729003906,177.31593322753906,750.3599853515625,207.32000732421875,27.275663375854492,69.91561889648438,343.66619873046875,315.23956298828125,51.47999954223633,31.149991989135742,223.7893829345703,130.0696258544922,47.69845199584961,498.4189758300781,175.9098663330078,261.4274597167969,117.0721435546875,315.7498474121094,110.80215454101562,40.270912170410156,171.2812957763672,272.2654724121094,244.31069946289062,1076.0811767578125,218.61367797851562,169.42498779296875,81.5388412475586,237.5930938720703,100.41493225097656,239.2555389404297,466.49786376953125,144.9912109375,475.0125427246094,241.6604766845703,158.8568572998047,92.89092254638672,150.10971069335938,91.29171752929688,658.9730224609375,310.1929016113281,253.75564575195312,133.89418029785156,63.215476989746094,61.774967193603516,1373.9554443359375,426.3561096191406,55.379547119140625,216.73858642578125,89.83143615722656,701.2703857421875,310.8653869628906,201.12008666992188,236.3489227294922,98.50199127197266,123.95382690429688
2025-06-01,300.06134033203125,179.82798767089844,827.9400024414062,209.52999877929688,28.05362892150879,71.86972045898438,383.3424072265625,321.1427001953125,49.06999969482422,32.17551040649414,220.20281982421875,136.24485778808594,48.4771614074707,502.19921875,181.3331298828125,256.6578369140625,130.75247192382812,352.0285339355469,113.06846618652344,40.91384506225586,179.666748046875,285.14111328125,255.716064453125,1029.260498046875,224.6029510498047,185.62054443359375,83.07694244384766,241.15505981445312,105.00486755371094,246.83840942382812,450.97650146484375,148.7931365966797,492.2621154785156,250.31495666503906,161.246337890625,96.46627807617188,138.2747039794922,92.46871948242188,692.4520874023438,326.53076171875,243.2223663330078,143.25344848632812,67.2153549194336,64.79621887207031,1422.8062744140625,434.3789367675781,58.8567008972168,224.97164916992188,92.9627456665039,745.838623046875,308.6954040527344,208.10838317871094,225.2104949951172,103.79779815673828,127.21887969970703
2025-07-01,301.131591796875,183.6936492919922,755.489990234375,221.83999633789062,30.134456634521484,67.5805892944336,434.1123046875,360.48388671875,45.33000183105469,35.04497528076172,219.88665771484375,144.28500366210938,52.634178161621094,517.8827514648438,179.2647705078125,237.71798706054688,142.69700622558594,379.3731384277344,115.03787994384766,45.1492805480957,176.6474151611328,306.2079162597656,269.7102966308594,1028.568115234375,214.44720458984375,179.2779541015625,84.525146484375,249.6601104736328,104.38847351074219,270.4358825683594,409.92376708984375,145.84153747558594,567.7091674804688,271.8582763671875,148.28103637695312,83.48006439208984,138.24124145507812,96.06787872314453,725.593994140625,345.739013671875,228.02212524414062,154.58462524414062,68.9336929321289,64.7005844116211,1504.9761962890625,435.0442810058594,57.09263229370117,217.0417022705078,79.35079956054688,874.078369140625,276.20062255859375,190.91098022460938,225.5451202392578,107.4952163696289,142.2262725830078
2025-08-01,295.82891845703125,183.64395141601562,747.2899780273438,234.67999267578125,33.503997802734375,64.21239471435547,415.3016357421875,392.6980285644531,48.810001373291016,32.18528747558594,207.93919372558594,154.51150512695312,61.11143493652344,472.7185974121094,177.51670837402344,243.72450256347656,129.95884704589844,345.290283203125,119.29341888427734,48.60423278808594,182.638671875,318.9432678222656,273.80950927734375,1005.1937866210938,212.80055236816406,173.73829650878906,79.35123443603516,258.1261291503906,106.26746368408203,273.19122314453125,443.66375732421875,152.71099853515625,580.9319458007812,275.130615234375,149.98988342285156,84.5579605102539,133.5767059326172,97.57449340820312,752.8074951171875,338.8966369628906,231.30430603027344,156.2803497314453,71.23001861572266,71.05108642578125,1308.8800048828125,412.7200927734375,60.16058349609375,219.971435546875,82.05047607421875,948.5935668945312,265.7059631347656,192.6000518798828,222.8188018798828,111.07087707519531,139.60305786132812
2025-09-01,287.0474548339844,187.12936401367188,717.6400146484375,215.8300018310547,32.77172088623047,58.79570388793945,472.8932189941406,416.2831115722656,44.970001220703125,35.15531921386719,203.21669006347656,149.40280151367188,56.13587188720703,453.1802062988281,165.57705688476562,254.36392211914062,129.15151977539062,370.1233825683594,121.32221221923828,47.99740982055664,187.57958984375,335.0884094238281,299.665771484375,945.1499633789062,204.0752410888672,195.82229614257812,82.53807830810547,255.90834045410156,109.30964660644531,301.8648376464844,489.6455383300781,152.36734008789062,602.2722778320312,295.20672607421875,140.12777709960938,89.50143432617188,121.4124526977539,95.95443725585938,753.40380859375,344.9161376953125,226.865478515625,164.88267517089844,68.96431732177734,71.89256286621094,1318.02001953125,419.9915771484375,58.163578033447266,232.56539916992188,78.3814697265625,946.9271240234375,249.6740264892578,199.5376434326172,218.16278076171875,109.5742416381836,145.46095275878906
2025-10-01,254.5773468017578,201.17401123046875,732.22998046875,201.02000427246094,33.408897399902344,58.814170837402344,573.7537841796875,431.37249755859375,43.0099983215332,35.66023254394531,181.4456024169922,151.74070739746094,56.93252944946289,457.5111999511719,180.09718322753906,209.31752014160156,137.41180419921875,377.352783203125,120.63935852050781,40.48452377319336,201.906005859375,340.41046142578125,307.76458740234375,970.9765625,207.0914306640625,205.52210998535156,76.25431060791016,239.3816375732422,113.72378540039062,285.744140625,482.4559631347656,163.48219299316406,576.7014770507812,278.4717102050781,139.76943969726562,90.80338287353516,112.0929183959961,96.03251647949219,767.991943359375,363.49755859375,206.43511962890625,175.88931274414062,72.23271942138672,65.49931335449219,1308.510009765625,446.55706787109375,60.648372650146484,216.82293701171875,90.47695922851562,864.1233520507812,217.16310119628906,203.4891815185547,197.35716247558594,111.13890075683594,148.7646484375
2025-11-01,249.68727111816406,196.9735565185547,540.1400146484375,189.0,34.8073616027832,54.25654220581055,572.262939453125,492.9227600097656,38.97999954223633,35.13622283935547,184.61032104492188,147.02442932128906,63.600120544433594,460.345703125,184.4034881591797,211.070556640625,131.88731384277344,343.0205993652344,145.3808135986328,39.74665451049805,219.29495239257812,337.18304443359375,297.30487060546875,943.0870971679688,198.8739471435547,204.28408813476562,80.28099060058594,244.6419219970703,115.63259887695312,276.6019592285156,449.0877685546875,169.65748596191406,565.6310424804688,288.4110412597656,134.6632080078125,87.38097381591797,108.01216888427734,103.23115539550781,858.1573486328125,392.0692138671875,215.1786651611328,173.0330047607422,71.80113220214844,69.17469787597656,1360.1700439453125,419.5138244628906,64.01988983154297,228.09848022460938,91.44837188720703,810.2732543945312,223.4270477294922,207.82994079589844,215.238525390625,113.64029693603516,139.11770629882812
2025-12-01,253.20106506347656,204.6776885986328,567.9299926757812,217.1199951171875,33.48641586303711,52.23971939086914,569.3905029296875,505.2661437988281,39.150001525878906,36.02058792114258,186.64479064941406,148.2696533203125,68.85879516601562,463.0121765136719,194.31637573242188,215.65235900878906,131.2346954345703,315.8677062988281,148.24603271484375,39.48101806640625,230.95701599121094,332.2777404785156,307.1990051269531,1003.154052734375,201.87478637695312,204.7134552001953,79.16181945800781,243.27890014648438,119.05256652832031,291.3704833984375,478.0050964355469,157.8736572265625,565.8989868164062,285.08349609375,156.3831024169922,85.90577697753906,108.48603820800781,108.59982299804688,875.3463745117188,385.34423828125,210.09312438964844,181.431884765625,71.51886749267578,72.687744140625,1329.8499755859375,387.3844299316406,64.72399139404297,228.92807006835938,94.69426727294922,804.4485473632812,222.5182647705078,212.7130126953125,217.8955841064453,117.97337341308594,134.67726135253906
2026-01-01,242.9541015625,223.29017639160156,483.5799865722656,233.72000122070312,36.52362823486328,59.15581512451172,654.8959350585938,572.9418334960938,40.58000183105469,37.52103042602539,189.93960571289062,172.09437561035156,65.37615966796875,525.0991821289062,200.53680419921875,200.16769409179688,145.31532287597656,348.50469970703125,159.7169189453125,42.89479064941406,257.6538391113281,347.9354553222656,305.9623718261719,1073.6297607421875,235.4326171875,207.76889038085938,86.02677154541016,258.0553894042969,118.5654296875,340.28125,626.791748046875,151.03016662597656,687.0261840820312,287.57171630859375,172.739501953125,84.0076904296875,100.77113342285156,121.88845825195312,931.9924926757812,417.6122741699219,213.85641479492188,198.7737579345703,74.97412109375,76.97386169433594,1427.5400390625,418.61798095703125,71.6297378540039,232.66897583007812,101.40563201904297,777.3526611328125,216.32090759277344,229.34539794921875,220.40469360351562,138.61920166015625,136.34861755371094
